{
	"parent":"block/cube_all",
	"textures":{
		"all":"byg:block/blue_enchanted_log",
		"all_glow":"byg:block/blue_enchanted_log_glow"
	},
	"elements":[
		{
			"from":[0,0,0],"to":[16,16,16],
			"faces":{
				"up":{"uv":[0,0,16,16],"texture":"#all","cullface":"up"},
				"down":{"uv":[0,0,16,16],"texture":"#all","cullface":"down"},
				"north":{"uv":[0,0,16,16],"texture":"#all","cullface":"north"},
				"south":{"uv":[0,0,16,16],"texture":"#all","cullface":"south"},
				"west":{"uv":[0,0,16,16],"texture":"#all","cullface":"west"},
				"east":{"uv":[0,0,16,16],"texture":"#all","cullface":"east"}
			}
		},
		{
			"from":[0,0,0],"to":[16,16,16],
			"faces":{
				"north":{"texture":"#all_glow","cullface":"north"},
				"up":{"uv":[0,0,16,16],"texture":"#all_glow","cullface":"up"},
				"down":{"uv":[0,0,16,16],"texture":"#all_glow","cullface":"down"},
				"south":{"uv":[0,0,16,16],"texture":"#all_glow","cullface":"south"},
				"west":{"uv":[0,0,16,16],"texture":"#all_glow","cullface":"west"},
				"east":{"uv":[0,0,16,16],"texture":"#all_glow","cullface":"east"}
			}
		}
	]
}