{
	"parent":"block/cube_all",
	"textures":{
		"all":"byg:block/ether_leaves",
		"all_glow":"byg:block/ether_leaves_glow",
		"particle":"byg:block/ether_leaves"
	},
	"elements":[
		{
			"from":[0,0,0],"to":[16,16,16],
			"faces":{
				"up":{"uv":[0,0,16,16],"texture":"#all", "tintindex": 0,"cullface":"up"},
				"down":{"uv":[0,0,16,16],"texture":"#all", "tintindex": 0,"cullface":"down"},
				"north":{"uv":[0,0,16,16],"texture":"#all", "tintindex": 0,"cullface":"north"},
				"south":{"uv":[0,0,16,16],"texture":"#all", "tintindex": 0,"cullface":"south"},
				"west":{"uv":[0,0,16,16],"texture":"#all", "tintindex": 0,"cullface":"west"},
				"east":{"uv":[0,0,16,16],"texture":"#all", "tintindex": 0,"cullface":"east"}
			}
		},
		{
			"from":[0,0,0],"to":[16,16,16],
			"faces":{
				"up":{"uv":[0,0,16,16],"texture":"#all_glow", "tintindex": 0,"cullface":"up"},
				"down":{"uv":[0,0,16,16],"texture":"#all_glow", "tintindex": 0,"cullface":"down"},
				"north":{"uv":[0,0,16,16],"texture":"#all_glow", "tintindex": 0,"cullface":"north"},
				"south":{"uv":[0,0,16,16],"texture":"#all_glow", "tintindex": 0,"cullface":"south"},
				"west":{"uv":[0,0,16,16],"texture":"#all_glow", "tintindex": 0,"cullface":"west"},
				"east":{"uv":[0,0,16,16],"texture":"#all_glow", "tintindex": 0,"cullface":"east"}
			}
		}
	]
}