{
	"parent":"block/block",
	"textures":{
		"particle":"byg:block/ivis_phylium_side",
		"bottom":"block/end_stone",
		"top":"byg:block/ivis_phylium_top",
		"side":"byg:block/ivis_phylium_side",
		"side_glow":"byg:block/ivis_phylium_side_glow",
		"overlay":"byg:block/ivis_phylium_side"
	},
	"elements":[
		{
			"from":[0,0,0],"to":[16,16,16],
			"faces":{
				"down":{"uv":[0,0,16,16],"texture":"#bottom","cullface":"down"},
				"up":{"uv":[0,0,16,16],"texture":"#top","cullface":"up"},
				"north":{"uv":[0,0,16,16],"texture":"#side","cullface":"north"},
				"south":{"uv":[0,0,16,16],"texture":"#side","cullface":"south"},
				"west":{"uv":[0,0,16,16],"texture":"#side","cullface":"west"},
				"east":{"uv":[0,0,16,16],"texture":"#side","cullface":"east"}
			}
		},
		{
			"from":[0,0,0],"to":[16,16,16],
			"faces":{
				"up":{"uv":[0,0,16,16],"texture":"#top","cullface":"up"},
				"north":{"uv":[0,0,16,16],"texture":"#side_glow","cullface":"north"},
				"south":{"uv":[0,0,16,16],"texture":"#side_glow","cullface":"south"},
				"west":{"uv":[0,0,16,16],"texture":"#side_glow","cullface":"west"},
				"east":{"uv":[0,0,16,16],"texture":"#side_glow","cullface":"east"}
			}
		},
		{
			"from":[0,0,0],"to":[16,16,16],
			"faces":{
				"north":{"uv":[0,0,16,16],"texture":"#overlay","tintindex":1,"cullface":"north"},
				"south":{"uv":[0,0,16,16],"texture":"#overlay","tintindex":1,"cullface":"south"},
				"west":{"uv":[0,0,16,16],"texture":"#overlay","tintindex":1,"cullface":"west"},
				"east":{"uv":[0,0,16,16],"texture":"#overlay","tintindex":1,"cullface":"east"}
			}
		}
	]
}