{
    "parent": "block/cube_column",
    "textures": {
        "end": "block/nether_bricks",
        "side": "apotheosis:blocks/glowing_hellshelf",
        "side_glow": "apotheosis:blocks/glowing_hellshelf_glow"
    },
	"elements":[
		{
			"from":[0,0,0],"to":[16,16,16],
			"faces":{
				"up":{"uv":[0,0,16,16],"texture":"#end","cullface":"up"},
				"down":{"uv":[0,0,16,16],"texture":"#end","cullface":"down"},
				"north":{"uv":[0,0,16,16],"texture":"#side","cullface":"north"},
				"south":{"uv":[0,0,16,16],"texture":"#side","cullface":"south"},
				"west":{"uv":[0,0,16,16],"texture":"#side","cullface":"west"},
				"east":{"uv":[0,0,16,16],"texture":"#side","cullface":"east"}
			}
		},
		{
			"from":[0,0,0],"to":[16,16,16],
            "shade": false,
			"faces":{
				"north":{"uv":[0,0,16,16],"texture":"#side_glow","cullface":"north"},
				"south":{"uv":[0,0,16,16],"texture":"#side_glow","cullface":"south"},
				"west":{"uv":[0,0,16,16],"texture":"#side_glow","cullface":"west"},
				"east":{"uv":[0,0,16,16],"texture":"#side_glow","cullface":"east"}
			}
		}
	]
}
