{
    "attributes": {
      "attack_range": 2,
      "two_handed": false,
      "category": "dagger",
      "attacks": [
        {
          "hitbox": "HORIZONTAL_PLANE",
          "damage_multiplier": 0.8,
          "angle": 150,
          "upswing": 0.5,
          "animation": "bettercombat:one_handed_slash_horizontal_right",
          "swing_sound": {
            "id": "bettercombat:dagger_slash"
          }
        },
        {
          "hitbox": "HORIZONTAL_PLANE",
          "damage_multiplier": 0.8,
          "angle": 150,
          "upswing": 0.5,
          "animation": "bettercombat:one_handed_slash_horizontal_left",
          "swing_sound": {
            "id": "bettercombat:dagger_slash"
          }
        },
        {
          "conditions": ["DUAL_WIELDING_SAME_CATEGORY", "MAIN_HAND_ONLY"],
          "hitbox": "FORWARD_BOX",
          "damage_multiplier": 1.4,
          "angle": 150,
          "upswing": 0.5,
          "animation": "bettercombat:dual_handed_stab",
          "swing_sound": {
            "id": "bettercombat:dagger_slash"
          }
        }
      ]
    }
  }