{
    "attributes": {
      "attack_range": 3.5,
      "pose": "bettercombat:pose_two_handed_scythe",
      "two_handed": true,
      "category": "scythe",
      "attacks": [
        {
          "hitbox": "HORIZONTAL_PLANE",
          "damage_multiplier": 1,
          "angle": 150,
          "upswing": 0.5,
          "animation": "bettercombat:two_handed_slash_horizontal_right",
          "swing_sound": {
            "id": "bettercombat:scythe_slash"
          }
        },
        {
          "hitbox": "HORIZONTAL_PLANE",
          "damage_multiplier": 1,
          "angle": 150,
          "upswing": 0.5,
          "animation": "bettercombat:two_handed_slash_horizontal_left",
          "swing_sound": {
            "id": "bettercombat:scythe_slash"
          }
        }
      ]
    }
  }