{
	"credit": "Made with Blockbench",
	"parent": "block/cube_column",
	"textures": {
		"2": "prettypipes:block/terminal_bottom",
		"3": "prettypipes:block/item_terminal_side",
		"4": "prettypipes:block/item_terminal_knob",
		"end": "prettypipes:block/item_terminal_top",
		"particle": "prettypipes:block/terminal_bottom"
	},
	"elements": [
		{
			"from": [0, 2, 14],
			"to": [2, 14, 16],
			"faces": {
				"north": {"uv": [14, 2, 16, 14], "texture": "#2"},
				"east": {"uv": [0, 2, 2, 14], "texture": "#2"},
				"south": {"uv": [0, 2, 2, 14], "texture": "#2"},
				"west": {"uv": [14, 2, 16, 14], "texture": "#2"},
				"up": {"uv": [0, 0, 2, 2], "texture": "#2"},
				"down": {"uv": [0, 0, 2, 2], "texture": "#2"}
			}
		},
		{
			"from": [14, 2, 14],
			"to": [16, 14, 16],
			"faces": {
				"north": {"uv": [0, 2, 2, 14], "texture": "#2"},
				"east": {"uv": [0, 2, 2, 14], "texture": "#2"},
				"south": {"uv": [14, 2, 16, 14], "texture": "#2"},
				"west": {"uv": [14, 1, 16, 13], "texture": "#2"},
				"up": {"uv": [0, 0, 2, 2], "texture": "#2"},
				"down": {"uv": [0, 0, 2, 2], "texture": "#2"}
			}
		},
		{
			"from": [14, 2, 0],
			"to": [16, 14, 2],
			"faces": {
				"north": {"uv": [0, 2, 2, 14], "texture": "#2"},
				"east": {"uv": [14, 2, 16, 14], "texture": "#2"},
				"south": {"uv": [14, 2, 16, 14], "texture": "#2"},
				"west": {"uv": [0, 2, 2, 14], "texture": "#2"},
				"up": {"uv": [0, 0, 2, 2], "texture": "#2"},
				"down": {"uv": [0, 0, 2, 2], "texture": "#2"}
			}
		},
		{
			"from": [0, 2, 0],
			"to": [2, 14, 2],
			"faces": {
				"north": {"uv": [14, 2, 16, 14], "texture": "#2"},
				"east": {"uv": [14, 2, 16, 14], "texture": "#2"},
				"south": {"uv": [0, 2, 2, 14], "texture": "#2"},
				"west": {"uv": [0, 2, 2, 14], "texture": "#2"},
				"up": {"uv": [0, 0, 2, 2], "texture": "#2"},
				"down": {"uv": [0, 0, 2, 2], "texture": "#2"}
			}
		},
		{
			"from": [0, 0, 0],
			"to": [16, 2, 16],
			"faces": {
				"north": {"uv": [0, 14, 16, 16], "texture": "#2"},
				"east": {"uv": [0, 14, 16, 16], "texture": "#2"},
				"south": {"uv": [0, 14, 16, 16], "texture": "#2"},
				"west": {"uv": [0, 14, 16, 16], "texture": "#2"},
				"up": {"uv": [0, 0, 16, 16], "texture": "#2"},
				"down": {"uv": [0, 0, 16, 16], "texture": "#2"}
			}
		},
		{
			"from": [0, 14, 0],
			"to": [16, 16, 16],
			"faces": {
				"north": {"uv": [0, 0, 16, 2], "texture": "#2"},
				"east": {"uv": [0, 0, 16, 2], "texture": "#2"},
				"south": {"uv": [0, 0, 16, 2], "texture": "#2"},
				"west": {"uv": [0, 0, 16, 2], "texture": "#2"},
				"up": {"uv": [0, 0, 16, 16], "texture": "#end"},
				"down": {"uv": [0, 0, 16, 16], "texture": "#2"}
			}
		},
		{
			"from": [2, 2, 2],
			"to": [14, 14, 14],
			"faces": {
				"north": {"uv": [2, 2, 14, 14], "texture": "#3"},
				"east": {"uv": [2, 2, 14, 14], "texture": "#3"},
				"south": {"uv": [2, 2, 14, 14], "texture": "#3"},
				"west": {"uv": [2, 2, 14, 14], "texture": "#3"},
				"up": {"uv": [0, 0, 12, 12], "texture": "#missing"},
				"down": {"uv": [0, 0, 12, 12], "texture": "#missing"}
			}
		},
		{
			"from": [1, 8, 7],
			"to": [2, 12, 9],
			"faces": {
				"north": {"uv": [0, 0, 1, 4], "texture": "#4"},
				"east": {"uv": [0, 0, 2, 4], "texture": "#4"},
				"south": {"uv": [0, 0, 1, 4], "texture": "#4"},
				"west": {"uv": [0, 0, 2, 4], "texture": "#4"},
				"up": {"uv": [0, 0, 1, 2], "texture": "#4"},
				"down": {"uv": [0, 0, 1, 2], "texture": "#4"}
			}
		},
		{
			"from": [14, 8, 7],
			"to": [15, 12, 9],
			"faces": {
				"north": {"uv": [0, 0, 1, 4], "texture": "#4"},
				"east": {"uv": [0, 0, 2, 4], "texture": "#4"},
				"south": {"uv": [0, 0, 1, 4], "texture": "#4"},
				"west": {"uv": [0, 0, 2, 4], "texture": "#4"},
				"up": {"uv": [0, 0, 1, 2], "texture": "#4"},
				"down": {"uv": [0, 0, 1, 2], "texture": "#4"}
			}
		},
		{
			"from": [7, 8, 1],
			"to": [9, 12, 2],
			"faces": {
				"north": {"uv": [0, 0, 2, 4], "texture": "#4"},
				"east": {"uv": [0, 0, 1, 4], "texture": "#4"},
				"south": {"uv": [0, 0, 2, 4], "texture": "#4"},
				"west": {"uv": [0, 0, 1, 4], "texture": "#4"},
				"up": {"uv": [0, 0, 2, 1], "texture": "#4"},
				"down": {"uv": [0, 0, 2, 1], "texture": "#4"}
			}
		},
		{
			"from": [7, 8, 14],
			"to": [9, 12, 15],
			"faces": {
				"north": {"uv": [0, 0, 2, 4], "texture": "#4"},
				"east": {"uv": [0, 0, 1, 4], "texture": "#4"},
				"south": {"uv": [0, 0, 2, 4], "texture": "#4"},
				"west": {"uv": [0, 0, 1, 4], "texture": "#4"},
				"up": {"uv": [0, 0, 2, 1], "texture": "#4"},
				"down": {"uv": [0, 0, 2, 1], "texture": "#4"}
			}
		}
	],
	"groups": [
		{
			"name": "group",
			"origin": [0, 0, 0],
			"color": 0,
			"children": [0, 1, 2, 3, 4, 5, 6]
		},
		7,
		8,
		9,
		10
	]
}