{
	"credit": "Made with Blockbench",
	"parent": "block/block",
	"textures": {
		"1": "prettypipes:block/pipe_legs"
	},
	"elements": [
		{
			"from": [7, 0, 7],
			"to": [9, 2, 9],
			"faces": {
				"north": {"uv": [1, 1, 3, 3], "texture": "#1"},
				"east": {"uv": [1, 1, 3, 3], "texture": "#1"},
				"south": {"uv": [1, 1, 3, 3], "texture": "#1"},
				"west": {"uv": [1, 1, 3, 3], "texture": "#1"},
				"up": {"uv": [1, 1, 3, 3], "texture": "#1"},
				"down": {"uv": [1, 1, 3, 3], "texture": "#1"}
			}
		},
		{
			"from": [6, 2, 6],
			"to": [10, 4, 10],
			"faces": {
				"north": {"uv": [0, 0, 4, 2], "texture": "#1"},
				"east": {"uv": [0, 0, 4, 2], "texture": "#1"},
				"south": {"uv": [0, 0, 4, 2], "texture": "#1"},
				"west": {"uv": [0, 0, 4, 2], "texture": "#1"},
				"up": {"uv": [0, 0, 4, 4], "texture": "#1"},
				"down": {"uv": [0, 0, 4, 4], "texture": "#1"}
			}
		}
	]
}