{
	"credit": "Made with Blockbench",
	"textures": {
		"1": "prettypipes:block/pipe_center"
	},
	"elements": [
		{
			"from": [4, 4, 0],
			"to": [6, 6, 4],
			"faces": {
				"north": {"uv": [10, 10, 12, 12], "texture": "#1"},
				"east": {"uv": [0, 4, 4, 6], "texture": "#1"},
				"south": {"uv": [4, 10, 6, 12], "texture": "#1"},
				"west": {"uv": [0, 10, 4, 12], "texture": "#1"},
				"up": {"uv": [10, 0, 12, 4], "texture": "#1"},
				"down": {"uv": [4, 0, 6, 4], "texture": "#1"}
			}
		},
		{
			"from": [4, 10, 0],
			"to": [6, 12, 4],
			"faces": {
				"north": {"uv": [10, 4, 12, 6], "texture": "#1"},
				"east": {"uv": [0, 10, 4, 12], "texture": "#1"},
				"south": {"uv": [4, 4, 6, 6], "texture": "#1"},
				"west": {"uv": [0, 4, 4, 6], "texture": "#1"},
				"up": {"uv": [4, 0, 6, 4], "texture": "#1"},
				"down": {"uv": [10, 0, 12, 4], "texture": "#1"}
			}
		},
		{
			"from": [10, 4, 0],
			"to": [12, 6, 4],
			"faces": {
				"north": {"uv": [4, 10, 6, 12], "texture": "#1"},
				"east": {"uv": [0, 10, 4, 12], "texture": "#1"},
				"south": {"uv": [10, 10, 12, 12], "texture": "#1"},
				"west": {"uv": [0, 4, 4, 6], "texture": "#1"},
				"up": {"uv": [4, 0, 6, 4], "texture": "#1"},
				"down": {"uv": [10, 0, 12, 4], "texture": "#1"}
			}
		},
		{
			"from": [10, 10, 0],
			"to": [12, 12, 4],
			"faces": {
				"north": {"uv": [4, 4, 6, 6], "texture": "#1"},
				"east": {"uv": [0, 4, 4, 6], "texture": "#1"},
				"south": {"uv": [10, 4, 12, 6], "texture": "#1"},
				"west": {"uv": [0, 10, 4, 12], "texture": "#1"},
				"up": {"uv": [10, 0, 12, 4], "texture": "#1"},
				"down": {"uv": [4, 0, 6, 4], "texture": "#1"}
			}
		}
	],
	"groups": [
		{
			"name": "group",
			"origin": [0, 0, 0],
			"color": 0,
			"children": [0, 1, 2, 3]
		}
	]
}