{
    "credit": "Made with Blockbench",
    "parent": "minecraft:block/block",
    "render_type": "cutout",
    "textures": {
        "0": "naturesaura:block/aura_timer_base",
        "1": "naturesaura:block/aura_timer_glass_top",
        "2": "naturesaura:block/infused_iron_block",
        "particle": "naturesaura:block/aura_timer_base"
    },
    "elements": [
        {
            "name": "base",
            "from": [0, 0, 0],
            "to": [16, 1, 16],
            "faces": {
                "north": {
                    "uv": [0, 0, 16, 1],
                    "texture": "#0"
                },
                "east": {
                    "uv": [0, 0, 16, 1],
                    "texture": "#0"
                },
                "south": {
                    "uv": [0, 0, 16, 1],
                    "texture": "#0"
                },
                "west": {
                    "uv": [0, 0, 16, 1],
                    "texture": "#0"
                },
                "up": {
                    "uv": [0, 0, 16, 16],
                    "texture": "#0"
                },
                "down": {
                    "uv": [0, 0, 16, 16],
                    "texture": "#0"
                }
            }
        },
        {
            "from": [2, 14, 2],
            "to": [14, 15, 14],
            "faces": {
                "up": {
                    "uv": [2, 2, 14, 14],
                    "texture": "#1"
                },
                "down": {
                    "uv": [2, 2, 14, 14],
                    "texture": "#1"
                }
            }
        },
        {
            "from": [2, 1, 1],
            "to": [14, 15, 2],
            "faces": {
                "north": {
                    "uv": [2, 1, 14, 15],
                    "texture": "#1"
                },
                "east": {
                    "uv": [2, 1, 3, 15],
                    "texture": "#1"
                },
                "west": {
                    "uv": [2, 1, 3, 15],
                    "texture": "#1"
                },
                "up": {
                    "uv": [2, 1, 14, 2],
                    "texture": "#1"
                }
            }
        },
        {
            "from": [2, 1, 14],
            "to": [14, 15, 15],
            "faces": {
                "east": {
                    "uv": [2, 1, 3, 15],
                    "texture": "#1"
                },
                "south": {
                    "uv": [2, 1, 14, 15],
                    "texture": "#1"
                },
                "west": {
                    "uv": [2, 1, 3, 15],
                    "texture": "#1"
                },
                "up": {
                    "uv": [2, 1, 14, 2],
                    "texture": "#1"
                }
            }
        },
        {
            "from": [1, 1, 1],
            "to": [2, 15, 15],
            "faces": {
                "north": {
                    "uv": [1, 1, 2, 15],
                    "texture": "#1"
                },
                "south": {
                    "uv": [1, 1, 2, 15],
                    "texture": "#1"
                },
                "west": {
                    "uv": [1, 1, 15, 15],
                    "texture": "#1"
                },
                "up": {
                    "uv": [1, 1, 2, 15],
                    "texture": "#1"
                }
            }
        },
        {
            "from": [14, 1, 1],
            "to": [15, 15, 15],
            "faces": {
                "north": {
                    "uv": [1, 1, 2, 15],
                    "texture": "#1"
                },
                "east": {
                    "uv": [1, 1, 15, 15],
                    "texture": "#1"
                },
                "south": {
                    "uv": [1, 1, 2, 15],
                    "texture": "#1"
                },
                "up": {
                    "uv": [1, 1, 2, 15],
                    "texture": "#1"
                }
            }
        },
        {
            "from": [4, 1, 4],
            "to": [12, 2, 12],
            "faces": {
                "north": {
                    "uv": [0, 0, 8, 1],
                    "texture": "#2"
                },
                "east": {
                    "uv": [0, 0, 8, 1],
                    "texture": "#2"
                },
                "south": {
                    "uv": [0, 0, 8, 1],
                    "texture": "#2"
                },
                "west": {
                    "uv": [0, 0, 8, 1],
                    "texture": "#2"
                },
                "up": {
                    "uv": [1, 1, 9, 9],
                    "texture": "#2"
                },
                "down": {
                    "uv": [1, 1, 9, 9],
                    "texture": "#2"
                }
            }
        },
        {
            "from": [3, 2, 4],
            "to": [4, 9, 12],
            "faces": {
                "north": {
                    "uv": [0, 0, 1, 7],
                    "texture": "#2"
                },
                "east": {
                    "uv": [1, 1, 9, 8],
                    "texture": "#2"
                },
                "south": {
                    "uv": [0, 0, 1, 7],
                    "texture": "#2"
                },
                "west": {
                    "uv": [1, 1, 9, 8],
                    "texture": "#2"
                },
                "up": {
                    "uv": [0, 0, 1, 8],
                    "texture": "#2"
                },
                "down": {
                    "uv": [0, 0, 1, 8],
                    "texture": "#2"
                }
            }
        },
        {
            "from": [12, 2, 4],
            "to": [13, 9, 12],
            "faces": {
                "north": {
                    "uv": [0, 0, 1, 7],
                    "texture": "#2"
                },
                "east": {
                    "uv": [1, 1, 9, 8],
                    "texture": "#2"
                },
                "south": {
                    "uv": [0, 0, 1, 7],
                    "texture": "#2"
                },
                "west": {
                    "uv": [1, 1, 9, 8],
                    "texture": "#2"
                },
                "up": {
                    "uv": [0, 0, 1, 8],
                    "texture": "#2"
                },
                "down": {
                    "uv": [0, 0, 1, 8],
                    "texture": "#2"
                }
            }
        },
        {
            "from": [4, 2, 3],
            "to": [12, 9, 4],
            "faces": {
                "north": {
                    "uv": [1, 1, 9, 8],
                    "texture": "#2"
                },
                "east": {
                    "uv": [0, 0, 1, 7],
                    "texture": "#2"
                },
                "south": {
                    "uv": [1, 1, 9, 8],
                    "texture": "#2"
                },
                "west": {
                    "uv": [0, 0, 1, 7],
                    "texture": "#2"
                },
                "up": {
                    "uv": [0, 0, 8, 1],
                    "texture": "#2"
                },
                "down": {
                    "uv": [0, 0, 8, 1],
                    "texture": "#2"
                }
            }
        },
        {
            "from": [4, 2, 12],
            "to": [12, 9, 13],
            "faces": {
                "north": {
                    "uv": [1, 1, 9, 8],
                    "texture": "#2"
                },
                "east": {
                    "uv": [0, 0, 1, 7],
                    "texture": "#2"
                },
                "south": {
                    "uv": [1, 1, 9, 8],
                    "texture": "#2"
                },
                "west": {
                    "uv": [0, 0, 1, 7],
                    "texture": "#2"
                },
                "up": {
                    "uv": [0, 0, 8, 1],
                    "texture": "#2"
                },
                "down": {
                    "uv": [0, 0, 8, 1],
                    "texture": "#2"
                }
            }
        }
    ],
    "groups": [
        0,
        {
            "name": "glass",
            "origin": [8, 8, 8],
            "children": [1, 2, 3, 4, 5]
        },
        {
            "name": "bowl",
            "origin": [8, 8, 8],
            "children": [6, 7, 8, 9, 10]
        }
    ]
}