{
    "parent": "minecraft:block/block",
    "textures": {
        "texture": "naturesaura:block/furnace_heater",
        "particle": "#texture"
    },
    "elements": [
        {
            "from": [2, 0, 2],
            "to": [14, 4, 14],
            "faces": {
                "down": {
                    "uv": [0, 4, 12, 16],
                    "texture": "#texture"
                },
                "up": {
                    "uv": [0, 4, 12, 16],
                    "texture": "#texture"
                },
                "north": {
                    "uv": [0, 0, 12, 4],
                    "texture": "#texture"
                },
                "south": {
                    "uv": [0, 0, 12, 4],
                    "texture": "#texture"
                },
                "west": {
                    "uv": [0, 0, 12, 4],
                    "texture": "#texture"
                },
                "east": {
                    "uv": [0, 0, 12, 4],
                    "texture": "#texture"
                }
            }
        }
    ]
}
