{
    "parent": "minecraft:block/block",
    "textures": {
        "texture": "naturesaura:block/nature_altar_nether",
        "top": "naturesaura:block/nature_altar_nether_top",
        "particle": "#top"
    },
    "elements": [
        {
            "from": [0, 0, 0],
            "to": [16, 12, 16],
            "faces": {
                "down": {
                    "uv": [0, 0, 16, 16],
                    "texture": "#top",
                    "cullface": "down"
                },
                "up": {
                    "uv": [0, 0, 16, 16],
                    "texture": "#top"
                },
                "north": {
                    "uv": [0, 4, 16, 16],
                    "texture": "#texture",
                    "cullface": "north"
                },
                "south": {
                    "uv": [0, 4, 16, 16],
                    "texture": "#texture",
                    "cullface": "south"
                },
                "west": {
                    "uv": [0, 4, 16, 16],
                    "texture": "#texture",
                    "cullface": "west"
                },
                "east": {
                    "uv": [0, 4, 16, 16],
                    "texture": "#texture",
                    "cullface": "east"
                }
            }
        }
    ]
}
