{
    "parent": "minecraft:block/block",
    "credit": "Made by bl4ckscor3",
    "textures": {
        "0": "naturesaura:block/stripped_oak_log",
        "1": "naturesaura:block/stripped_oak_log_top",
        "2": "naturesaura:block/infused_stone",
        "particle": "#0"
    },
    "elements": [
        {
            "name": "top",
            "from": [2, 12, 2],
            "to": [14, 13, 14],
            "faces": {
                "north": {
                    "uv": [2, 3, 14, 4],
                    "texture": "#0"
                },
                "east": {
                    "uv": [2, 3, 14, 4],
                    "texture": "#0"
                },
                "south": {
                    "uv": [2, 3, 14, 4],
                    "texture": "#0"
                },
                "west": {
                    "uv": [2, 3, 14, 4],
                    "texture": "#0"
                },
                "up": {
                    "uv": [2, 2, 14, 14],
                    "texture": "#1"
                },
                "down": {
                    "uv": [2, 2, 14, 14],
                    "texture": "#1"
                }
            }
        },
        {
            "name": "middle",
            "from": [6, 3, 6],
            "to": [10, 12, 10],
            "faces": {
                "north": {
                    "uv": [6, 4, 10, 13],
                    "texture": "#0"
                },
                "east": {
                    "uv": [6, 4, 10, 13],
                    "texture": "#0"
                },
                "south": {
                    "uv": [6, 4, 10, 13],
                    "texture": "#0"
                },
                "west": {
                    "uv": [6, 4, 10, 13],
                    "texture": "#0"
                }
            }
        },
        {
            "name": "bottom1",
            "from": [3, 0, 3],
            "to": [13, 1, 13],
            "faces": {
                "north": {
                    "uv": [3, 15, 13, 16],
                    "texture": "#0"
                },
                "east": {
                    "uv": [3, 15, 13, 16],
                    "texture": "#0"
                },
                "south": {
                    "uv": [3, 15, 13, 16],
                    "texture": "#0"
                },
                "west": {
                    "uv": [3, 15, 13, 16],
                    "texture": "#0"
                },
                "up": {
                    "uv": [3, 3, 13, 13],
                    "texture": "#1"
                },
                "down": {
                    "uv": [3, 3, 13, 13],
                    "texture": "#1"
                }
            }
        },
        {
            "name": "bottom2",
            "from": [4, 1, 4],
            "to": [12, 2, 12],
            "faces": {
                "north": {
                    "uv": [4, 14, 12, 15],
                    "texture": "#0"
                },
                "east": {
                    "uv": [4, 14, 12, 15],
                    "texture": "#0"
                },
                "south": {
                    "uv": [4, 14, 12, 15],
                    "texture": "#0"
                },
                "west": {
                    "uv": [4, 14, 12, 15],
                    "texture": "#0"
                },
                "up": {
                    "uv": [4, 4, 12, 12],
                    "texture": "#1"
                }
            }
        },
        {
            "name": "bottom3",
            "from": [5, 2, 5],
            "to": [11, 3, 11],
            "faces": {
                "north": {
                    "uv": [5, 13, 11, 14],
                    "texture": "#0"
                },
                "east": {
                    "uv": [5, 13, 11, 14],
                    "texture": "#0"
                },
                "south": {
                    "uv": [5, 13, 11, 14],
                    "texture": "#0"
                },
                "west": {
                    "uv": [5, 13, 11, 14],
                    "texture": "#0"
                },
                "up": {
                    "uv": [5, 5, 11, 11],
                    "texture": "#1"
                }
            }
        },
        {
            "name": "part1",
            "from": [4, 13, 4],
            "to": [6, 14, 6],
            "faces": {
                "north": {
                    "uv": [10, 2, 12, 3],
                    "texture": "#2"
                },
                "west": {
                    "uv": [4, 2, 6, 3],
                    "texture": "#2"
                },
                "up": {
                    "uv": [4, 4, 6, 6],
                    "texture": "#2"
                },
                "down": {
                    "uv": [4, 4, 6, 6],
                    "texture": "#2"
                }
            }
        },
        {
            "name": "part2",
            "from": [4, 13, 10],
            "to": [6, 14, 12],
            "faces": {
                "south": {
                    "uv": [4, 2, 6, 3],
                    "texture": "#2"
                },
                "west": {
                    "uv": [10, 2, 12, 3],
                    "texture": "#2"
                },
                "up": {
                    "uv": [4, 10, 6, 12],
                    "texture": "#2"
                },
                "down": {
                    "uv": [4, 10, 6, 12],
                    "texture": "#2"
                }
            }
        },
        {
            "name": "part3",
            "from": [10, 13, 4],
            "to": [12, 14, 6],
            "faces": {
                "north": {
                    "uv": [4, 2, 6, 3],
                    "texture": "#2"
                },
                "east": {
                    "uv": [10, 2, 12, 3],
                    "texture": "#2"
                },
                "up": {
                    "uv": [10, 4, 12, 6],
                    "texture": "#2"
                },
                "down": {
                    "uv": [10, 4, 12, 6],
                    "texture": "#2"
                }
            }
        },
        {
            "name": "part4",
            "from": [10, 13, 10],
            "to": [12, 14, 12],
            "faces": {
                "east": {
                    "uv": [4, 2, 6, 3],
                    "texture": "#2"
                },
                "south": {
                    "uv": [10, 2, 12, 3],
                    "texture": "#2"
                },
                "up": {
                    "uv": [10, 10, 12, 12],
                    "texture": "#2"
                },
                "down": {
                    "uv": [10, 10, 12, 12],
                    "texture": "#2"
                }
            }
        },
        {
            "name": "part5",
            "from": [10, 13, 6],
            "to": [13, 14, 10],
            "faces": {
                "north": {
                    "uv": [3, 2, 6, 3],
                    "texture": "#2"
                },
                "east": {
                    "uv": [6, 2, 10, 3],
                    "texture": "#2"
                },
                "south": {
                    "uv": [10, 2, 13, 3],
                    "texture": "#2"
                },
                "up": {
                    "uv": [10, 6, 13, 10],
                    "texture": "#2"
                },
                "down": {
                    "uv": [10, 6, 13, 10],
                    "texture": "#2"
                }
            }
        },
        {
            "name": "part6",
            "from": [3, 13, 6],
            "to": [6, 14, 10],
            "faces": {
                "north": {
                    "uv": [10, 2, 13, 3],
                    "texture": "#2"
                },
                "south": {
                    "uv": [3, 2, 6, 3],
                    "texture": "#2"
                },
                "west": {
                    "uv": [6, 2, 10, 3],
                    "texture": "#2"
                },
                "up": {
                    "uv": [3, 6, 6, 10],
                    "texture": "#2"
                },
                "down": {
                    "uv": [3, 6, 6, 10],
                    "texture": "#2"
                }
            }
        },
        {
            "name": "part7",
            "from": [6, 13, 3],
            "to": [10, 14, 13],
            "faces": {
                "north": {
                    "uv": [6, 2, 10, 3],
                    "texture": "#2"
                },
                "east": {
                    "uv": [3, 1, 13, 2],
                    "texture": "#2"
                },
                "south": {
                    "uv": [6, 2, 10, 3],
                    "texture": "#2"
                },
                "west": {
                    "uv": [3, 1, 13, 2],
                    "texture": "#2"
                },
                "up": {
                    "uv": [6, 3, 10, 13],
                    "texture": "#2"
                },
                "down": {
                    "uv": [6, 3, 10, 13],
                    "texture": "#2"
                }
            }
        },
        {
            "name": "part1",
            "from": [6, 14, 13],
            "to": [10, 15, 14],
            "faces": {
                "north": {
                    "uv": [6, 1, 10, 2],
                    "texture": "#2"
                },
                "east": {
                    "uv": [2, 1, 3, 2],
                    "texture": "#2"
                },
                "south": {
                    "uv": [6, 1, 10, 2],
                    "texture": "#2"
                },
                "west": {
                    "uv": [13, 1, 14, 2],
                    "texture": "#2"
                },
                "up": {
                    "uv": [6, 13, 10, 14],
                    "texture": "#2"
                },
                "down": {
                    "uv": [6, 13, 10, 14],
                    "texture": "#2"
                }
            }
        },
        {
            "name": "part2",
            "from": [10, 14, 3],
            "to": [12, 15, 4],
            "faces": {
                "north": {
                    "uv": [4, 1, 6, 2],
                    "texture": "#2"
                },
                "east": {
                    "uv": [12, 1, 13, 2],
                    "texture": "#2"
                },
                "south": {
                    "uv": [4, 1, 6, 2],
                    "texture": "#2"
                },
                "west": {
                    "uv": [12, 1, 13, 2],
                    "texture": "#2"
                },
                "up": {
                    "uv": [10, 3, 12, 4],
                    "texture": "#2"
                },
                "down": {
                    "uv": [10, 3, 12, 4],
                    "texture": "#2"
                }
            }
        },
        {
            "name": "part3",
            "from": [4, 14, 12],
            "to": [6, 15, 13],
            "faces": {
                "north": {
                    "uv": [4, 1, 6, 2],
                    "texture": "#2"
                },
                "east": {
                    "uv": [12, 1, 13, 2],
                    "texture": "#2"
                },
                "south": {
                    "uv": [4, 1, 6, 2],
                    "texture": "#2"
                },
                "west": {
                    "uv": [12, 1, 13, 2],
                    "texture": "#2"
                },
                "up": {
                    "uv": [4, 12, 6, 13],
                    "texture": "#2"
                },
                "down": {
                    "uv": [4, 12, 6, 13],
                    "texture": "#2"
                }
            }
        },
        {
            "name": "part4",
            "from": [10, 14, 12],
            "to": [12, 15, 13],
            "faces": {
                "north": {
                    "uv": [10, 1, 12, 2],
                    "texture": "#2"
                },
                "east": {
                    "uv": [3, 1, 4, 2],
                    "texture": "#2"
                },
                "south": {
                    "uv": [10, 1, 12, 2],
                    "texture": "#2"
                },
                "west": {
                    "uv": [3, 1, 4, 2],
                    "texture": "#2"
                },
                "up": {
                    "uv": [10, 12, 12, 13],
                    "texture": "#2"
                },
                "down": {
                    "uv": [10, 12, 12, 13],
                    "texture": "#2"
                }
            }
        },
        {
            "name": "part5",
            "from": [4, 14, 3],
            "to": [6, 15, 4],
            "faces": {
                "north": {
                    "uv": [10, 1, 12, 2],
                    "texture": "#2"
                },
                "east": {
                    "uv": [3, 1, 4, 2],
                    "texture": "#2"
                },
                "south": {
                    "uv": [10, 1, 12, 2],
                    "texture": "#2"
                },
                "west": {
                    "uv": [3, 1, 4, 2],
                    "texture": "#2"
                },
                "up": {
                    "uv": [4, 3, 6, 4],
                    "texture": "#2"
                },
                "down": {
                    "uv": [4, 3, 6, 4],
                    "texture": "#2"
                }
            }
        },
        {
            "name": "part6",
            "from": [3, 14, 4],
            "to": [4, 15, 6],
            "faces": {
                "north": {
                    "uv": [12, 1, 13, 2],
                    "texture": "#2"
                },
                "east": {
                    "uv": [4, 1, 6, 2],
                    "texture": "#2"
                },
                "south": {
                    "uv": [12, 1, 13, 2],
                    "texture": "#2"
                },
                "west": {
                    "uv": [4, 1, 6, 2],
                    "texture": "#2"
                },
                "up": {
                    "uv": [3, 4, 4, 6],
                    "texture": "#2"
                },
                "down": {
                    "uv": [3, 4, 4, 6],
                    "texture": "#2"
                }
            }
        },
        {
            "name": "part7",
            "from": [3, 14, 10],
            "to": [4, 15, 12],
            "faces": {
                "north": {
                    "uv": [3, 1, 4, 2],
                    "texture": "#2"
                },
                "east": {
                    "uv": [10, 1, 12, 2],
                    "texture": "#2"
                },
                "south": {
                    "uv": [3, 1, 4, 2],
                    "texture": "#2"
                },
                "west": {
                    "uv": [10, 1, 12, 2],
                    "texture": "#2"
                },
                "up": {
                    "uv": [3, 10, 4, 12],
                    "texture": "#2"
                },
                "down": {
                    "uv": [3, 10, 4, 12],
                    "texture": "#2"
                }
            }
        },
        {
            "name": "part8",
            "from": [12, 14, 4],
            "to": [13, 15, 6],
            "faces": {
                "north": {
                    "uv": [3, 1, 4, 2],
                    "texture": "#2"
                },
                "east": {
                    "uv": [10, 1, 12, 2],
                    "texture": "#2"
                },
                "south": {
                    "uv": [3, 1, 4, 2],
                    "texture": "#2"
                },
                "west": {
                    "uv": [10, 1, 12, 2],
                    "texture": "#2"
                },
                "up": {
                    "uv": [12, 4, 13, 6],
                    "texture": "#2"
                },
                "down": {
                    "uv": [12, 4, 13, 6],
                    "texture": "#2"
                }
            }
        },
        {
            "name": "part9",
            "from": [12, 14, 10],
            "to": [13, 15, 12],
            "faces": {
                "north": {
                    "uv": [12, 1, 13, 2],
                    "texture": "#2"
                },
                "east": {
                    "uv": [4, 1, 6, 2],
                    "texture": "#2"
                },
                "south": {
                    "uv": [12, 1, 13, 2],
                    "texture": "#2"
                },
                "west": {
                    "uv": [4, 1, 6, 2],
                    "texture": "#2"
                },
                "up": {
                    "uv": [12, 10, 13, 12],
                    "texture": "#2"
                },
                "down": {
                    "uv": [12, 10, 13, 12],
                    "texture": "#2"
                }
            }
        },
        {
            "name": "part10",
            "from": [13, 14, 6],
            "to": [14, 15, 10],
            "faces": {
                "north": {
                    "uv": [2, 1, 3, 2],
                    "texture": "#2"
                },
                "east": {
                    "uv": [6, 1, 10, 2],
                    "texture": "#2"
                },
                "south": {
                    "uv": [13, 1, 14, 2],
                    "texture": "#2"
                },
                "west": {
                    "uv": [6, 1, 10, 2],
                    "texture": "#2"
                },
                "up": {
                    "uv": [13, 6, 14, 10],
                    "texture": "#2"
                },
                "down": {
                    "uv": [13, 6, 14, 10],
                    "texture": "#2"
                }
            }
        },
        {
            "name": "part11",
            "from": [2, 14, 6],
            "to": [3, 15, 10],
            "faces": {
                "north": {
                    "uv": [13, 1, 14, 2],
                    "texture": "#2"
                },
                "east": {
                    "uv": [6, 1, 10, 2],
                    "texture": "#2"
                },
                "south": {
                    "uv": [2, 1, 3, 2],
                    "texture": "#2"
                },
                "west": {
                    "uv": [6, 1, 10, 2],
                    "texture": "#2"
                },
                "up": {
                    "uv": [2, 6, 3, 10],
                    "texture": "#2"
                },
                "down": {
                    "uv": [2, 6, 3, 10],
                    "texture": "#2"
                }
            }
        },
        {
            "name": "part12",
            "from": [6, 14, 2],
            "to": [10, 15, 3],
            "faces": {
                "north": {
                    "uv": [6, 1, 10, 2],
                    "texture": "#2"
                },
                "east": {
                    "uv": [13, 1, 14, 2],
                    "texture": "#2"
                },
                "south": {
                    "uv": [6, 1, 10, 2],
                    "texture": "#2"
                },
                "west": {
                    "uv": [2, 1, 3, 2],
                    "texture": "#2"
                },
                "up": {
                    "uv": [6, 2, 10, 3],
                    "texture": "#2"
                },
                "down": {
                    "uv": [6, 2, 10, 3],
                    "texture": "#2"
                }
            }
        },
        {
            "name": "part1",
            "from": [6, 15, 14],
            "to": [10, 16, 15],
            "faces": {
                "north": {
                    "uv": [6, 0, 10, 1],
                    "texture": "#2"
                },
                "east": {
                    "uv": [1, 0, 2, 1],
                    "texture": "#2"
                },
                "south": {
                    "uv": [6, 0, 10, 1],
                    "texture": "#2"
                },
                "west": {
                    "uv": [14, 0, 15, 1],
                    "texture": "#2"
                },
                "up": {
                    "uv": [6, 14, 10, 15],
                    "texture": "#2"
                },
                "down": {
                    "uv": [6, 14, 10, 15],
                    "texture": "#2"
                }
            }
        },
        {
            "name": "part2",
            "from": [10, 15, 2],
            "to": [12, 16, 3],
            "faces": {
                "north": {
                    "uv": [4, 0, 6, 1],
                    "texture": "#2"
                },
                "east": {
                    "uv": [13, 0, 14, 1],
                    "texture": "#2"
                },
                "south": {
                    "uv": [4, 0, 6, 1],
                    "texture": "#2"
                },
                "west": {
                    "uv": [13, 0, 14, 1],
                    "texture": "#2"
                },
                "up": {
                    "uv": [10, 2, 12, 3],
                    "texture": "#2"
                },
                "down": {
                    "uv": [10, 2, 12, 3],
                    "texture": "#2"
                }
            }
        },
        {
            "name": "part3",
            "from": [4, 15, 13],
            "to": [6, 16, 14],
            "faces": {
                "north": {
                    "uv": [4, 0, 6, 1],
                    "texture": "#2"
                },
                "east": {
                    "uv": [13, 0, 14, 1],
                    "texture": "#2"
                },
                "south": {
                    "uv": [4, 0, 6, 1],
                    "texture": "#2"
                },
                "west": {
                    "uv": [13, 0, 14, 1],
                    "texture": "#2"
                },
                "up": {
                    "uv": [4, 13, 6, 14],
                    "texture": "#2"
                },
                "down": {
                    "uv": [4, 13, 6, 14],
                    "texture": "#2"
                }
            }
        },
        {
            "name": "part4",
            "from": [10, 15, 13],
            "to": [12, 16, 14],
            "faces": {
                "north": {
                    "uv": [10, 0, 12, 1],
                    "texture": "#2"
                },
                "east": {
                    "uv": [2, 0, 3, 1],
                    "texture": "#2"
                },
                "south": {
                    "uv": [10, 0, 12, 1],
                    "texture": "#2"
                },
                "west": {
                    "uv": [2, 0, 3, 1],
                    "texture": "#2"
                },
                "up": {
                    "uv": [10, 13, 12, 14],
                    "texture": "#2"
                },
                "down": {
                    "uv": [10, 13, 12, 14],
                    "texture": "#2"
                }
            }
        },
        {
            "name": "part5",
            "from": [4, 15, 2],
            "to": [6, 16, 3],
            "faces": {
                "north": {
                    "uv": [10, 0, 12, 1],
                    "texture": "#2"
                },
                "east": {
                    "uv": [2, 0, 3, 1],
                    "texture": "#2"
                },
                "south": {
                    "uv": [10, 0, 12, 1],
                    "texture": "#2"
                },
                "west": {
                    "uv": [2, 0, 3, 1],
                    "texture": "#2"
                },
                "up": {
                    "uv": [4, 2, 6, 3],
                    "texture": "#2"
                },
                "down": {
                    "uv": [4, 2, 6, 3],
                    "texture": "#2"
                }
            }
        },
        {
            "name": "part6",
            "from": [2, 15, 4],
            "to": [3, 16, 6],
            "faces": {
                "north": {
                    "uv": [13, 0, 14, 1],
                    "texture": "#2"
                },
                "east": {
                    "uv": [4, 0, 6, 1],
                    "texture": "#2"
                },
                "south": {
                    "uv": [13, 0, 14, 1],
                    "texture": "#2"
                },
                "west": {
                    "uv": [4, 0, 6, 1],
                    "texture": "#2"
                },
                "up": {
                    "uv": [2, 4, 3, 6],
                    "texture": "#2"
                },
                "down": {
                    "uv": [2, 4, 3, 6],
                    "texture": "#2"
                }
            }
        },
        {
            "name": "part7",
            "from": [2, 15, 10],
            "to": [3, 16, 12],
            "faces": {
                "north": {
                    "uv": [2, 0, 3, 1],
                    "texture": "#2"
                },
                "east": {
                    "uv": [10, 0, 12, 1],
                    "texture": "#2"
                },
                "south": {
                    "uv": [2, 0, 3, 1],
                    "texture": "#2"
                },
                "west": {
                    "uv": [10, 0, 12, 1],
                    "texture": "#2"
                },
                "up": {
                    "uv": [2, 10, 3, 12],
                    "texture": "#2"
                },
                "down": {
                    "uv": [2, 10, 3, 12],
                    "texture": "#2"
                }
            }
        },
        {
            "name": "part8",
            "from": [13, 15, 4],
            "to": [14, 16, 6],
            "faces": {
                "north": {
                    "uv": [2, 0, 3, 1],
                    "texture": "#2"
                },
                "east": {
                    "uv": [10, 0, 12, 1],
                    "texture": "#2"
                },
                "south": {
                    "uv": [2, 0, 3, 1],
                    "texture": "#2"
                },
                "west": {
                    "uv": [10, 0, 12, 1],
                    "texture": "#2"
                },
                "up": {
                    "uv": [13, 4, 14, 6],
                    "texture": "#2"
                },
                "down": {
                    "uv": [13, 4, 14, 6],
                    "texture": "#2"
                }
            }
        },
        {
            "name": "part9",
            "from": [13, 15, 10],
            "to": [14, 16, 12],
            "faces": {
                "north": {
                    "uv": [13, 0, 14, 1],
                    "texture": "#2"
                },
                "east": {
                    "uv": [4, 0, 6, 1],
                    "texture": "#2"
                },
                "south": {
                    "uv": [13, 0, 14, 1],
                    "texture": "#2"
                },
                "west": {
                    "uv": [4, 0, 6, 1],
                    "texture": "#2"
                },
                "up": {
                    "uv": [13, 10, 14, 12],
                    "texture": "#2"
                },
                "down": {
                    "uv": [13, 10, 14, 12],
                    "texture": "#2"
                }
            }
        },
        {
            "name": "part10",
            "from": [14, 15, 6],
            "to": [15, 16, 10],
            "faces": {
                "north": {
                    "uv": [1, 0, 2, 1],
                    "texture": "#2"
                },
                "east": {
                    "uv": [6, 0, 10, 1],
                    "texture": "#2"
                },
                "south": {
                    "uv": [14, 0, 15, 1],
                    "texture": "#2"
                },
                "west": {
                    "uv": [6, 0, 10, 1],
                    "texture": "#2"
                },
                "up": {
                    "uv": [14, 6, 15, 10],
                    "texture": "#2"
                },
                "down": {
                    "uv": [14, 6, 15, 10],
                    "texture": "#2"
                }
            }
        },
        {
            "name": "part11",
            "from": [1, 15, 6],
            "to": [2, 16, 10],
            "faces": {
                "north": {
                    "uv": [14, 0, 15, 1],
                    "texture": "#2"
                },
                "east": {
                    "uv": [6, 0, 10, 1],
                    "texture": "#2"
                },
                "south": {
                    "uv": [1, 0, 2, 1],
                    "texture": "#2"
                },
                "west": {
                    "uv": [6, 0, 10, 1],
                    "texture": "#2"
                },
                "up": {
                    "uv": [1, 6, 2, 10],
                    "texture": "#2"
                },
                "down": {
                    "uv": [1, 6, 2, 10],
                    "texture": "#2"
                }
            }
        },
        {
            "name": "part12",
            "from": [6, 15, 1],
            "to": [10, 16, 2],
            "faces": {
                "north": {
                    "uv": [6, 0, 10, 1],
                    "texture": "#2"
                },
                "east": {
                    "uv": [14, 0, 15, 1],
                    "texture": "#2"
                },
                "south": {
                    "uv": [6, 0, 10, 1],
                    "texture": "#2"
                },
                "west": {
                    "uv": [1, 0, 2, 1],
                    "texture": "#2"
                },
                "up": {
                    "uv": [6, 1, 10, 2],
                    "texture": "#2"
                },
                "down": {
                    "uv": [6, 1, 10, 2],
                    "texture": "#2"
                }
            }
        },
        {
            "name": "part13",
            "from": [12, 15, 12],
            "to": [13, 16, 13],
            "faces": {
                "north": {
                    "uv": [12, 0, 13, 1],
                    "texture": "#2"
                },
                "east": {
                    "uv": [3, 0, 4, 1],
                    "texture": "#2"
                },
                "south": {
                    "uv": [12, 0, 13, 1],
                    "texture": "#2"
                },
                "west": {
                    "uv": [3, 0, 4, 1],
                    "texture": "#2"
                },
                "up": {
                    "uv": [12, 12, 13, 13],
                    "texture": "#2"
                },
                "down": {
                    "uv": [12, 12, 13, 13],
                    "texture": "#2"
                }
            }
        },
        {
            "name": "part14",
            "from": [3, 15, 12],
            "to": [4, 16, 13],
            "faces": {
                "north": {
                    "uv": [3, 0, 4, 1],
                    "texture": "#2"
                },
                "east": {
                    "uv": [12, 0, 13, 1],
                    "texture": "#2"
                },
                "south": {
                    "uv": [3, 0, 4, 1],
                    "texture": "#2"
                },
                "west": {
                    "uv": [12, 0, 13, 1],
                    "texture": "#2"
                },
                "up": {
                    "uv": [3, 12, 4, 13],
                    "texture": "#2"
                },
                "down": {
                    "uv": [3, 12, 4, 13],
                    "texture": "#2"
                }
            }
        },
        {
            "name": "part15",
            "from": [12, 15, 3],
            "to": [13, 16, 4],
            "faces": {
                "north": {
                    "uv": [3, 0, 4, 1],
                    "texture": "#2"
                },
                "east": {
                    "uv": [12, 0, 13, 1],
                    "texture": "#2"
                },
                "south": {
                    "uv": [3, 0, 4, 1],
                    "texture": "#2"
                },
                "west": {
                    "uv": [12, 0, 13, 1],
                    "texture": "#2"
                },
                "up": {
                    "uv": [12, 3, 13, 4],
                    "texture": "#2"
                },
                "down": {
                    "uv": [12, 3, 13, 4],
                    "texture": "#2"
                }
            }
        },
        {
            "name": "part16",
            "from": [3, 15, 3],
            "to": [4, 16, 4],
            "faces": {
                "north": {
                    "uv": [12, 0, 13, 1],
                    "texture": "#2"
                },
                "east": {
                    "uv": [3, 0, 4, 1],
                    "texture": "#2"
                },
                "south": {
                    "uv": [12, 0, 13, 1],
                    "texture": "#2"
                },
                "west": {
                    "uv": [3, 0, 4, 1],
                    "texture": "#2"
                },
                "up": {
                    "uv": [3, 3, 4, 4],
                    "texture": "#2"
                },
                "down": {
                    "uv": [3, 3, 4, 4],
                    "texture": "#2"
                }
            }
        }
    ],
    "groups": [
        {
            "name": "pedestal",
            "isOpen": true,
            "export": true,
            "visibility": true,
            "children": [0, 1, 2, 3, 4]
        },
        {
            "name": "bowl",
            "isOpen": false,
            "export": true,
            "visibility": true,
            "children": [
                {
                    "name": "bottom",
                    "isOpen": true,
                    "export": true,
                    "visibility": true,
                    "children": [5, 6, 7, 8, 9, 10, 11]
                },
                {
                    "name": "edge1",
                    "isOpen": false,
                    "export": true,
                    "visibility": true,
                    "children": [12, 13, 14, 15, 16, 17, 18, 19, 20, 21, 22, 23]
                },
                {
                    "name": "edge2",
                    "isOpen": false,
                    "export": true,
                    "visibility": true,
                    "children": [24, 25, 26, 27, 28, 29, 30, 31, 32, 33, 34, 35, 36, 37, 38, 39]
                }
            ]
        }
    ]
}