{
    "__comment": "Model contributed by PolarizedIons <3",
    "parent": "minecraft:block/block",
    "render_type": "cutout_mipped",
    "textures": {
        "0": "naturesaura:block/spawn_lamp",
        "-1": "naturesaura:block/spawn_lamp",
        "particle": "#0"
    },
    "elements": [
        {
            "name": "Base",
            "from": [4.0, 0.0, 4.0],
            "to": [12.0, 2.0, 12.0],
            "faces": {
                "north": {
                    "texture": "#0",
                    "uv": [0.0, 10.0, 8.0, 12.0]
                },
                "east": {
                    "texture": "#0",
                    "uv": [0.0, 10.0, 8.0, 12.0]
                },
                "south": {
                    "texture": "#0",
                    "uv": [0.0, 10.0, 8.0, 12.0]
                },
                "west": {
                    "texture": "#0",
                    "uv": [0.0, 10.0, 8.0, 12.0]
                },
                "up": {
                    "texture": "#0",
                    "uv": [8.0, 8.0, 16.0, 16.0]
                },
                "down": {
                    "texture": "#0",
                    "uv": [8.0, 8.0, 16.0, 16.0]
                }
            }
        },
        {
            "name": "Glass",
            "from": [4.0, 2.0, 4.0],
            "to": [12.0, 10.0, 12.0],
            "faces": {
                "north": {
                    "texture": "#0",
                    "uv": [0.0, 2.0, 8.0, 10.0]
                },
                "east": {
                    "texture": "#0",
                    "uv": [0.0, 2.0, 8.0, 10.0]
                },
                "south": {
                    "texture": "#0",
                    "uv": [0.0, 2.0, 8.0, 10.0]
                },
                "west": {
                    "texture": "#0",
                    "uv": [0.0, 2.0, 8.0, 10.0]
                },
                "up": {
                    "texture": "#-1"
                },
                "down": {
                    "texture": "#-1"
                }
            }
        },
        {
            "name": "Lid",
            "from": [4.0, 10.0, 4.0],
            "to": [12.0, 12.0, 12.0],
            "faces": {
                "north": {
                    "texture": "#0",
                    "uv": [0.0, 0.0, 8.0, 2.0]
                },
                "east": {
                    "texture": "#0",
                    "uv": [0.0, 0.0, 8.0, 2.0]
                },
                "south": {
                    "texture": "#0",
                    "uv": [0.0, 0.0, 8.0, 2.0]
                },
                "west": {
                    "texture": "#0",
                    "uv": [0.0, 0.0, 8.0, 2.0]
                },
                "up": {
                    "texture": "#0",
                    "uv": [8.0, 8.0, 16.0, 16.0]
                },
                "down": {
                    "texture": "#0",
                    "uv": [8.0, 8.0, 16.0, 16.0]
                }
            }
        },
        {
            "name": "Hook",
            "from": [6.0, 12.0, 6.0],
            "to": [10.0, 13.0, 10.0],
            "faces": {
                "north": {
                    "texture": "#0",
                    "uv": [8.0, 0.0, 12.0, 2.0]
                },
                "east": {
                    "texture": "#0",
                    "uv": [8.0, 0.0, 12.0, 2.0]
                },
                "south": {
                    "texture": "#0",
                    "uv": [8.0, 0.0, 12.0, 2.0]
                },
                "west": {
                    "texture": "#0",
                    "uv": [8.0, 0.0, 12.0, 2.0]
                },
                "up": {
                    "texture": "#0",
                    "uv": [8.0, 2.0, 12.0, 6.0]
                },
                "down": {
                    "texture": "#-1"
                }
            }
        },
        {
            "name": "Light",
            "from": [6.0, 2.0, 6.0],
            "to": [10.0, 10.0, 10.0],
            "faces": {
                "north": {
                    "texture": "#0",
                    "uv": [12.0, 0.0, 16.0, 8.0]
                },
                "east": {
                    "texture": "#0",
                    "uv": [12.0, 0.0, 16.0, 8.0]
                },
                "south": {
                    "texture": "#0",
                    "uv": [12.0, 0.0, 16.0, 8.0]
                },
                "west": {
                    "texture": "#0",
                    "uv": [12.0, 0.0, 16.0, 8.0]
                },
                "up": {
                    "texture": "#-1"
                },
                "down": {
                    "texture": "#-1"
                }
            }
        }
    ]
}