{
    "parent": "minecraft:block/block",
    "render_type": "cutout_mipped",
    "ambientocclusion": false,
    "textures": {
        "particle": "naturesaura:block/spring",
        "frame": "naturesaura:block/spring",
        "water": "naturesaura:block/spring_water"
    },
    "elements": [
        {
            "from": [0, 0, 0],
            "to": [16, 16, 16],
            "faces": {
                "down": {
                    "uv": [0, 0, 16, 16],
                    "texture": "#frame",
                    "cullface": "down"
                },
                "up": {
                    "uv": [0, 0, 16, 16],
                    "texture": "#frame",
                    "cullface": "up"
                },
                "north": {
                    "uv": [0, 0, 16, 16],
                    "texture": "#frame",
                    "cullface": "north"
                },
                "south": {
                    "uv": [0, 0, 16, 16],
                    "texture": "#frame",
                    "cullface": "south"
                },
                "west": {
                    "uv": [0, 0, 16, 16],
                    "texture": "#frame",
                    "cullface": "west"
                },
                "east": {
                    "uv": [0, 0, 16, 16],
                    "texture": "#frame",
                    "cullface": "east"
                }
            }
        },
        {
            "from": [0, 0, 0],
            "to": [16, 16, 16],
            "faces": {
                "down": {
                    "uv": [0, 0, 16, 16],
                    "texture": "#water",
                    "tintindex": 0,
                    "cullface": "down"
                },
                "up": {
                    "uv": [0, 0, 16, 16],
                    "texture": "#water",
                    "tintindex": 0,
                    "cullface": "up"
                },
                "north": {
                    "uv": [0, 0, 16, 16],
                    "texture": "#water",
                    "tintindex": 0,
                    "cullface": "north"
                },
                "south": {
                    "uv": [0, 0, 16, 16],
                    "texture": "#water",
                    "tintindex": 0,
                    "cullface": "south"
                },
                "west": {
                    "uv": [0, 0, 16, 16],
                    "texture": "#water",
                    "tintindex": 0,
                    "cullface": "west"
                },
                "east": {
                    "uv": [0, 0, 16, 16],
                    "texture": "#water",
                    "tintindex": 0,
                    "cullface": "east"
                }
            }
        }
    ]
}
