{
    "parent": "block/cube",
    "textures": {
        "particle": "quark:block/glowcelium_side",
        "down": "minecraft:block/dirt",
        "up": "quark:block/glowcelium_top",
        "north": "quark:block/glowcelium_side",
        "east": "quark:block/glowcelium_side",
        "south": "quark:block/glowcelium_side",
        "west": "quark:block/glowcelium_side",
        "side_glow": "quark:block/glowcelium_side_glow"
    },
	"elements":[
		{
			"from":[0,0,0],"to":[16,16,16],
			"faces":{
				"up":{"uv":[0,0,16,16],"texture":"#up","cullface":"up"},
				"down":{"uv":[0,0,16,16],"texture":"#down","cullface":"down"},
				"north":{"uv":[0,0,16,16],"texture":"#north","cullface":"north"},
				"south":{"uv":[0,0,16,16],"texture":"#south","cullface":"south"},
				"west":{"uv":[0,0,16,16],"texture":"#west","cullface":"west"},
				"east":{"uv":[0,0,16,16],"texture":"#east","cullface":"east"}
			}
		},
		{
			"from":[0,0,0],"to":[16,16,16],
			"faces":{
				"up":{"uv":[0,0,16,16],"texture":"#up","cullface":"up"},
				"north":{"uv":[0,0,16,16],"texture":"#side_glow","cullface":"north"},
				"south":{"uv":[0,0,16,16],"texture":"#side_glow","cullface":"south"},
				"west":{"uv":[0,0,16,16],"texture":"#side_glow","cullface":"west"},
				"east":{"uv":[0,0,16,16],"texture":"#side_glow","cullface":"east"}
			}
		}
	]
}
