{
    "parent": "block/template_wall_post",
    "textures": {
        "wall": "quark:block/magma_bricks",
        "wall_glow": "quark:block/magma_bricks_glow"
    },
    "elements": [
        {   "from": [ 4, 0, 4 ],
            "to": [ 12, 16, 12 ],
            "faces": {
                "down":  { "texture": "#wall", "cullface": "down" },
                "up":    { "texture": "#wall", "cullface": "up" },
                "north": { "texture": "#wall" },
                "south": { "texture": "#wall" },
                "west":  { "texture": "#wall" },
                "east":  { "texture": "#wall" }
            },
            "__comment": "Center post"
        },
        {   "from": [ 4, 0, 4 ],
            "to": [ 12, 16, 12 ],
            "faces": {
                "down":  { "texture": "#wall_glow", "cullface": "down" },
                "up":    { "texture": "#wall_glow", "cullface": "up" },
                "north": { "texture": "#wall_glow" },
                "south": { "texture": "#wall_glow" },
                "west":  { "texture": "#wall_glow" },
                "east":  { "texture": "#wall_glow" }
            },
            "__comment": "Center post"
        }
    ]
}
