{
    "parent": "block/template_wall_side",
    "textures": {
        "wall": "quark:block/magma_bricks",
        "wall_glow": "quark:block/magma_bricks_glow"
    },
    "elements": [
        {   "from": [ 5, 0, 0 ],
            "to": [ 11, 14, 8 ],
            "faces": {
                "down":  { "texture": "#wall", "cullface": "down" },
                "up":    { "texture": "#wall" },
                "north": { "texture": "#wall", "cullface": "north" },
                "west":  { "texture": "#wall" },
                "east":  { "texture": "#wall" }
            },
            "__comment": "wall"
        },
        {   "from": [ 5, 0, 0 ],
            "to": [ 11, 14, 8 ],
            "faces": {
                "down":  { "texture": "#wall_glow", "cullface": "down" },
                "up":    { "texture": "#wall_glow" },
                "north": { "texture": "#wall_glow", "cullface": "north" },
                "west":  { "texture": "#wall_glow" },
                "east":  { "texture": "#wall_glow" }
            },
            "__comment": "wall"
        }
    ]
}
