{
    "parent": "block/slab_top",
    "textures": {
        "bottom": "quark:block/magma_bricks",
        "top": "quark:block/magma_bricks",
        "side": "quark:block/magma_bricks",
        "bottom_glow": "quark:block/magma_bricks_glow",
        "top_glow": "quark:block/magma_bricks_glow",
        "side_glow": "quark:block/magma_bricks_glow"
    },
    "elements": [
        {   "from": [ 0, 8, 0 ],
            "to": [ 16, 16, 16 ],
            "faces": {
                "down":  { "uv": [ 0, 0, 16, 16 ], "texture": "#bottom" },
                "up":    { "uv": [ 0, 0, 16, 16 ], "texture": "#top", "cullface": "up" },
                "north": { "uv": [ 0, 0, 16,  8 ], "texture": "#side", "cullface": "north" },
                "south": { "uv": [ 0, 0, 16,  8 ], "texture": "#side", "cullface": "south" },
                "west":  { "uv": [ 0, 0, 16,  8 ], "texture": "#side", "cullface": "west" },
                "east":  { "uv": [ 0, 0, 16,  8 ], "texture": "#side", "cullface": "east" }
            }
        },
        {   "from": [ 0, 8, 0 ],
            "to": [ 16, 16, 16 ],
            "faces": {
                "down":  { "uv": [ 0, 0, 16, 16 ], "texture": "#bottom_glow" },
                "up":    { "uv": [ 0, 0, 16, 16 ], "texture": "#top_glow", "cullface": "up" },
                "north": { "uv": [ 0, 0, 16,  8 ], "texture": "#side_glow", "cullface": "north" },
                "south": { "uv": [ 0, 0, 16,  8 ], "texture": "#side_glow", "cullface": "south" },
                "west":  { "uv": [ 0, 0, 16,  8 ], "texture": "#side_glow", "cullface": "west" },
                "east":  { "uv": [ 0, 0, 16,  8 ], "texture": "#side_glow", "cullface": "east" }
            }
        }
    ]
}
