{
	"credit": "Model by CyanideX",
	"textures": {
		"1": "waystones:block/stone_top",
		"particle": "waystones:block/stone_top",
		"texture": "waystones:block/stone"
	},
	"elements": [
		{
			"name": "pillarTop",
			"from": [3, 0, 3],
			"to": [13, 8, 13],
			"faces": {
				"north": {"uv": [0, 0, 10, 8], "texture": "#texture"},
				"east": {"uv": [0, 0, 10, 8], "texture": "#texture"},
				"south": {"uv": [0, 0, 10, 8], "texture": "#texture"},
				"west": {"uv": [0, 0, 10, 8], "texture": "#texture"}
			}
		},
		{
			"name": "topBottom",
			"from": [2, 8, 2],
			"to": [14, 10, 14],
			"faces": {
				"north": {"uv": [0, 12, 12, 14], "texture": "#texture"},
				"east": {"uv": [0, 12, 12, 14], "texture": "#texture"},
				"south": {"uv": [0, 12, 12, 14], "texture": "#texture"},
				"west": {"uv": [0, 12, 12, 14], "texture": "#texture"},
				"up": {"uv": [0, 12, 12, 14], "texture": "#texture"},
				"down": {"uv": [2, 2, 14, 14], "texture": "#1"}
			}
		},
		{
			"name": "topMiddle",
			"from": [1, 10, 1],
			"to": [15, 12, 15],
			"faces": {
				"north": {"uv": [0, 14, 14, 16], "texture": "#texture"},
				"east": {"uv": [0, 14, 14, 16], "texture": "#texture"},
				"south": {"uv": [0, 14, 14, 16], "texture": "#texture"},
				"west": {"uv": [0, 14, 14, 16], "texture": "#texture"},
				"up": {"uv": [1, 1, 15, 15], "texture": "#1"},
				"down": {"uv": [1, 1, 15, 15], "texture": "#1"}
			}
		},
		{
			"name": "topTop",
			"from": [3, 12, 3],
			"to": [13, 14, 13],
			"faces": {
				"north": {"uv": [0, 10, 10, 12], "texture": "#texture"},
				"east": {"uv": [0, 10, 10, 12], "texture": "#texture"},
				"south": {"uv": [0, 10, 10, 12], "texture": "#texture"},
				"west": {"uv": [0, 10, 10, 12], "texture": "#texture"},
				"up": {"uv": [3, 3, 13, 13], "texture": "#1"}
			}
		},
		{
			"name": "topToppest",
			"from": [4, 14, 4],
			"to": [12, 16, 12],
			"faces": {
				"north": {"uv": [0, 8, 8, 10], "texture": "#texture"},
				"east": {"uv": [0, 8, 8, 10], "texture": "#texture"},
				"south": {"uv": [0, 8, 8, 10], "texture": "#texture"},
				"west": {"uv": [0, 8, 8, 10], "texture": "#texture"},
				"up": {"uv": [4, 4, 12, 12], "texture": "#1"}
			}
		}
	],
	"groups": [
		{
			"name": "top",
			"origin": [8, 8, 8],
			"children": [0, 1, 2, 3, 4]
		}
	]
}