{
    "parent": "betterendforge:block/path",
	"textures":{
        "top": "betterendforge:block/chorus_nylium_path_top",
        "side": "betterendforge:block/chorus_nylium_side",
        "side_glow": "betterendforge:block/chorus_nylium_side_glow",
        "bottom": "block/end_stone"
	},
	"elements":[
        {   
		    "from": [ 0, 0, 0 ],"to": [ 16, 15, 16 ],
            "faces": {
                "down":  { "uv": [ 0, 0, 16, 16 ], "texture": "#bottom", "cullface": "down" },
                "up":    { "uv": [ 0, 0, 16, 16 ], "texture": "#top" },
                "north": { "uv": [ 0, 1, 16, 16 ], "texture": "#side", "cullface": "north" },
                "south": { "uv": [ 0, 1, 16, 16 ], "texture": "#side", "cullface": "south" },
                "west":  { "uv": [ 0, 1, 16, 16 ], "texture": "#side", "cullface": "west" },
                "east":  { "uv": [ 0, 1, 16, 16 ], "texture": "#side", "cullface": "east" }
            }
        },
		{
		    "from": [ 0, 0, 0 ],"to": [ 16, 15, 16 ],
            "faces": {
                "north": { "uv": [ 0, 1, 16, 16 ], "texture": "#side_glow", "cullface": "north" },
                "south": { "uv": [ 0, 1, 16, 16 ], "texture": "#side_glow", "cullface": "south" },
                "west":  { "uv": [ 0, 1, 16, 16 ], "texture": "#side_glow", "cullface": "west" },
                "east":  { "uv": [ 0, 1, 16, 16 ], "texture": "#side_glow", "cullface": "east" }
            }
		}
	]
}