{
	"parent":"block/cube",
	"textures":{
		"down": "block/end_stone",
		"up": "betterendforge:block/chorus_nylium_top",
		"east": "betterendforge:block/chorus_nylium_side",
		"north": "betterendforge:block/chorus_nylium_side",
		"south": "betterendforge:block/chorus_nylium_side",
		"west": "betterendforge:block/chorus_nylium_side",
		"west_glow": "betterendforge:block/chorus_nylium_side_glow",
		"south_glow": "betterendforge:block/chorus_nylium_side_glow",
		"north_glow": "betterendforge:block/chorus_nylium_side_glow",
		"east_glow": "betterendforge:block/chorus_nylium_side_glow",
		"particle": "betterendforge:block/chorus_nylium_side"
	},
	"elements":[
		{
			"from":[0,0,0],"to":[16,16,16],
			"faces":{
				"down":{"uv":[0,0,16,16],"texture":"#down","cullface":"down"},
				"up":{"uv":[0,0,16,16],"texture":"#up","cullface":"up"},
				"north":{"uv":[0,0,16,16],"texture":"#north","cullface":"north"},
				"south":{"uv":[0,0,16,16],"texture":"#south","cullface":"south"},
				"west":{"uv":[0,0,16,16],"texture":"#west","cullface":"west"},
				"east":{"uv":[0,0,16,16],"texture":"#east","cullface":"east"}
			}
		},
		{
			"from":[0,0,0],"to":[16,16,16],
			"faces":{
				"north":{"uv":[0,0,16,16],"texture":"#north_glow","cullface":"north"},
				"south":{"uv":[0,0,16,16],"texture":"#south_glow","cullface":"south"},
				"west":{"uv":[0,0,16,16],"texture":"#west_glow","cullface":"west"},
				"east":{"uv":[0,0,16,16],"texture":"#east_glow","cullface":"east"}
			}
		}
	]
}