{
  "variants": {
    "facing=east,waterlogged=false": {
      "model": "naturesaura:block/blast_furnace_booster",
      "y": 90
    },
    "facing=east,waterlogged=true": {
      "model": "naturesaura:block/blast_furnace_booster",
      "y": 90
    },
    "facing=north,waterlogged=false": {
      "model": "naturesaura:block/blast_furnace_booster"
    },
    "facing=north,waterlogged=true": {
      "model": "naturesaura:block/blast_furnace_booster"
    },
    "facing=south,waterlogged=false": {
      "model": "naturesaura:block/blast_furnace_booster",
      "y": 180
    },
    "facing=south,waterlogged=true": {
      "model": "naturesaura:block/blast_furnace_booster",
      "y": 180
    },
    "facing=west,waterlogged=false": {
      "model": "naturesaura:block/blast_furnace_booster",
      "y": 270
    },
    "facing=west,waterlogged=true": {
      "model": "naturesaura:block/blast_furnace_booster",
      "y": 270
    }
  }
}