{
  "parent": "crates:custom/crate",
  "textures": {
    "all": "minecraft:block/magma",
    "particle": "minecraft:block/magma",
    "crate_frame": "minecraft:block/nether_bricks",
    "crate_center": "minecraft:block/magma",
    "crate_center_glow": "minecraft:block/magma_glow",
    "crate_center_glow_faint": "minecraft:block/magma_glow_faint"
  },
	"elements": [
		{
			"name": "crate_center",
			"from": [1, 1, 1],
			"to": [15, 15, 15],
			"faces": {
				"north": {"uv": [1, 1, 15, 15], "texture": "#crate_center"},
				"east": {"uv": [1, 1, 15, 15], "texture": "#crate_center"},
				"south": {"uv": [1, 1, 15, 15], "texture": "#crate_center"},
				"west": {"uv": [1, 1, 15, 15], "texture": "#crate_center"},
				"up": {"uv": [1, 1, 15, 15], "texture": "#crate_center"},
				"down": {"uv": [1, 1, 15, 15], "texture": "#crate_center"}
			}
		},
		{
			"name": "crate_center",
			"from": [1, 1, 1],
			"to": [15, 15, 15],
			"faces": {
				"north": {"uv": [1, 1, 15, 15], "texture": "#crate_center_glow"},
				"east": {"uv": [1, 1, 15, 15], "texture": "#crate_center_glow"},
				"south": {"uv": [1, 1, 15, 15], "texture": "#crate_center_glow"},
				"west": {"uv": [1, 1, 15, 15], "texture": "#crate_center_glow"},
				"up": {"uv": [1, 1, 15, 15], "texture": "#crate_center_glow"},
				"down": {"uv": [1, 1, 15, 15], "texture": "#crate_center_glow"}
			}
		},
		{
			"name": "crate_center",
			"from": [1, 1, 1],
			"to": [15, 15, 15],
			"faces": {
				"north": {"uv": [1, 1, 15, 15], "texture": "#crate_center_glow_faint"},
				"east": {"uv": [1, 1, 15, 15], "texture": "#crate_center_glow_faint"},
				"south": {"uv": [1, 1, 15, 15], "texture": "#crate_center_glow_faint"},
				"west": {"uv": [1, 1, 15, 15], "texture": "#crate_center_glow_faint"},
				"up": {"uv": [1, 1, 15, 15], "texture": "#crate_center_glow_faint"},
				"down": {"uv": [1, 1, 15, 15], "texture": "#crate_center_glow_faint"}
			}
		},
		{
			"name": "crate_frame1",
			"from": [0, 0, 0],
			"to": [2, 16, 2],
			"faces": {
				"north": {"uv": [14, 0, 16, 16], "texture": "#crate_frame", "cullface": "north"},
				"east": {"uv": [14, 0, 16, 16], "texture": "#crate_frame"},
				"south": {"uv": [0, 0, 2, 16], "texture": "#crate_frame"},
				"west": {"uv": [0, 0, 2, 16], "texture": "#crate_frame", "cullface": "west"},
				"up": {"uv": [0, 0, 2, 2], "texture": "#crate_frame", "cullface": "up"},
				"down": {"uv": [0, 14, 2, 16], "texture": "#crate_frame", "cullface": "down"}
			}
		},
		{
			"name": "crate_frame2",
			"from": [14, 0, 0],
			"to": [16, 16, 2],
			"faces": {
				"north": {"uv": [0, 0, 2, 16], "texture": "#crate_frame", "cullface": "north"},
				"east": {"uv": [14, 0, 16, 16], "texture": "#crate_frame", "cullface": "east"},
				"south": {"uv": [14, 0, 16, 16], "texture": "#crate_frame"},
				"west": {"uv": [0, 0, 2, 16], "texture": "#crate_frame"},
				"up": {"uv": [14, 0, 16, 2], "texture": "#crate_frame", "cullface": "up"},
				"down": {"uv": [14, 14, 16, 16], "texture": "#crate_frame", "cullface": "down"}
			}
		},
		{
			"name": "crate_frame3",
			"from": [14, 0, 14],
			"to": [16, 16, 16],
			"faces": {
				"north": {"uv": [0, 0, 2, 16], "texture": "#crate_frame"},
				"east": {"uv": [0, 0, 2, 16], "texture": "#crate_frame", "cullface": "east"},
				"south": {"uv": [14, 0, 16, 16], "texture": "#crate_frame", "cullface": "south"},
				"west": {"uv": [14, 0, 16, 16], "texture": "#crate_frame"},
				"up": {"uv": [14, 14, 16, 16], "texture": "#crate_frame", "cullface": "up"},
				"down": {"uv": [14, 0, 16, 2], "texture": "#crate_frame", "cullface": "down"}
			}
		},
		{
			"name": "crate_frame4",
			"from": [0, 0, 14],
			"to": [2, 16, 16],
			"faces": {
				"north": {"uv": [14, 0, 16, 16], "texture": "#crate_frame"},
				"east": {"uv": [0, 0, 2, 16], "texture": "#crate_frame"},
				"south": {"uv": [0, 0, 2, 16], "texture": "#crate_frame", "cullface": "south"},
				"west": {"uv": [14, 0, 16, 16], "texture": "#crate_frame", "cullface": "west"},
				"up": {"uv": [0, 14, 2, 16], "texture": "#crate_frame", "cullface": "up"},
				"down": {"uv": [0, 0, 2, 2], "texture": "#crate_frame", "cullface": "down"}
			}
		},
		{
			"name": "crate_frame5",
			"from": [0, 0, 2],
			"to": [2, 2, 14],
			"faces": {
				"east": {"uv": [2, 14, 14, 16], "texture": "#crate_frame"},
				"west": {"uv": [2, 14, 14, 16], "texture": "#crate_frame", "cullface": "west"},
				"up": {"uv": [0, 2, 2, 14], "texture": "#crate_frame"},
				"down": {"uv": [0, 2, 2, 14], "texture": "#crate_frame", "cullface": "down"}
			}
		},
		{
			"name": "crate_frame6",
			"from": [14, 0, 2],
			"to": [16, 2, 14],
			"faces": {
				"east": {"uv": [2, 14, 14, 16], "texture": "#crate_frame", "cullface": "east"},
				"west": {"uv": [2, 14, 14, 16], "texture": "#crate_frame"},
				"up": {"uv": [14, 2, 16, 14], "texture": "#crate_frame"},
				"down": {"uv": [14, 2, 16, 14], "texture": "#crate_frame", "cullface": "down"}
			}
		},
		{
			"name": "crate_frame7",
			"from": [14, 14, 2],
			"to": [16, 16, 14],
			"faces": {
				"east": {"uv": [2, 0, 14, 2], "texture": "#crate_frame", "cullface": "east"},
				"west": {"uv": [2, 0, 14, 2], "texture": "#crate_frame"},
				"up": {"uv": [14, 2, 16, 14], "texture": "#crate_frame", "cullface": "up"},
				"down": {"uv": [0, 2, 2, 14], "texture": "#crate_frame"}
			}
		},
		{
			"name": "crate_frame8",
			"from": [0, 14, 2],
			"to": [2, 16, 14],
			"faces": {
				"east": {"uv": [2, 0, 14, 2], "texture": "#crate_frame"},
				"west": {"uv": [2, 0, 14, 2], "texture": "#crate_frame", "cullface": "west"},
				"up": {"uv": [0, 2, 2, 14], "texture": "#crate_frame", "cullface": "up"},
				"down": {"uv": [14, 2, 16, 14], "texture": "#crate_frame"}
			}
		},
		{
			"name": "crate_frame9",
			"from": [2, 0, 14],
			"to": [14, 2, 16],
			"faces": {
				"north": {"uv": [2, 14, 14, 16], "texture": "#crate_frame"},
				"south": {"uv": [2, 14, 14, 16], "texture": "#crate_frame", "cullface": "south"},
				"up": {"uv": [2, 14, 14, 16], "texture": "#crate_frame"},
				"down": {"uv": [2, 0, 14, 2], "texture": "#crate_frame", "cullface": "down"}
			}
		},
		{
			"name": "crate_frame10",
			"from": [2, 0, 0],
			"to": [14, 2, 2],
			"faces": {
				"north": {"uv": [2, 14, 14, 16], "texture": "#crate_frame", "cullface": "north"},
				"south": {"uv": [2, 14, 14, 16], "texture": "#crate_frame"},
				"up": {"uv": [2, 0, 14, 2], "texture": "#crate_frame"},
				"down": {"uv": [2, 14, 14, 16], "texture": "#crate_frame", "cullface": "down"}
			}
		},
		{
			"name": "crate_frame11",
			"from": [2, 14, 0],
			"to": [14, 16, 2],
			"faces": {
				"north": {"uv": [2, 0, 14, 2], "texture": "#crate_frame", "cullface": "north"},
				"south": {"uv": [2, 0, 14, 2], "texture": "#crate_frame"},
				"up": {"uv": [2, 0, 14, 2], "texture": "#crate_frame", "cullface": "up"},
				"down": {"uv": [2, 0, 14, 2], "texture": "#crate_frame"}
			}
		},
		{
			"name": "crate_frame12",
			"from": [2, 14, 14],
			"to": [14, 16, 16],
			"faces": {
				"north": {"uv": [2, 0, 14, 2], "texture": "#crate_frame"},
				"south": {"uv": [2, 0, 14, 2], "texture": "#crate_frame", "cullface": "south"},
				"up": {"uv": [2, 14, 14, 16], "texture": "#crate_frame", "cullface": "up"},
				"down": {"uv": [2, 0, 14, 2], "texture": "#crate_frame"}
			}
		},
		{
			"name": "crate_frame13",
			"from": [2, 7, 14],
			"to": [14, 9, 15.8],
			"faces": {
				"south": {"uv": [2, 7, 14, 9], "texture": "#crate_frame"},
				"up": {"uv": [2, 7, 14, 8.8], "texture": "#crate_frame"},
				"down": {"uv": [2, 7, 14, 8.8], "texture": "#crate_frame"}
			}
		},
		{
			"name": "crate_frame14",
			"from": [14, 7, 2],
			"to": [15.8, 9, 14],
			"faces": {
				"east": {"uv": [2, 7, 14, 9], "texture": "#crate_frame"},
				"up": {"uv": [14, 2, 15.8, 14], "texture": "#crate_frame"},
				"down": {"uv": [0, 2, 1.8, 14], "texture": "#crate_frame"}
			}
		},
		{
			"name": "crate_frame15",
			"from": [2, 7, 0.2],
			"to": [14, 9, 2],
			"faces": {
				"north": {"uv": [2, 7, 14, 9], "texture": "#crate_frame"},
				"up": {"uv": [2, 7, 14, 8.8], "texture": "#crate_frame"},
				"down": {"uv": [2, 7, 14, 8.8], "texture": "#crate_frame"}
			}
		},
		{
			"name": "crate_frame16",
			"from": [0.2, 7, 2],
			"to": [1, 9, 14],
			"faces": {
				"west": {"uv": [2, 7, 14, 9], "texture": "#crate_frame"},
				"up": {"uv": [0, 2, 0.8, 14], "texture": "#crate_frame"},
				"down": {"uv": [14, 2, 14.8, 14], "texture": "#crate_frame"}
			}
		}
	]
}