{
	"credit": "Model by CyanideX",
	"textures": {
		"2": "waystones:block/obsidian_base",
		"3": "waystones:block/mossy_stone",
		"4": "waystones:block/mossy_stone_obsidian_base",
		"5": "waystones:block/moddy_stone_top",
		"particle": "waystones:block/mossy_stone_obsidian_base"
	},
	"elements": [
		{
			"name": "pillarBottom",
			"from": [3, 9, 3],
			"to": [13, 16, 13],
			"faces": {
				"north": {"uv": [0, 1, 10, 8], "texture": "#3"},
				"east": {"uv": [0, 0, 10, 7], "texture": "#3"},
				"south": {"uv": [0, 0, 10, 7], "texture": "#3"},
				"west": {"uv": [0, 1, 10, 8], "texture": "#3"}
			}
		},
		{
			"from": [1, 4, 1],
			"to": [15, 6, 15],
			"rotation": {"angle": 0, "axis": "y", "origin": [8, 11, 8]},
			"faces": {
				"north": {"uv": [1, 7, 15, 9], "texture": "#2"},
				"east": {"uv": [1, 7, 15, 9], "texture": "#2"},
				"south": {"uv": [1, 7, 15, 9], "texture": "#2"},
				"west": {"uv": [1, 7, 15, 9], "texture": "#2"}
			}
		},
		{
			"from": [0, 6, 0],
			"to": [16, 9, 16],
			"rotation": {"angle": 0, "axis": "y", "origin": [8, 13, 8]},
			"faces": {
				"north": {"uv": [0, 0, 16, 3], "texture": "#2"},
				"east": {"uv": [0, 0, 16, 3], "texture": "#2"},
				"south": {"uv": [0, 0, 16, 3], "texture": "#2"},
				"west": {"uv": [0, 0, 16, 3], "texture": "#2"},
				"up": {"uv": [0, 0, 16, 16], "texture": "#4"},
				"down": {"uv": [0, 0, 16, 16], "texture": "#2"}
			}
		},
		{
			"from": [0, 0, 0],
			"to": [16, 4, 16],
			"faces": {
				"north": {"uv": [0, 12, 16, 16], "texture": "#2"},
				"east": {"uv": [0, 12, 16, 16], "texture": "#2"},
				"south": {"uv": [0, 12, 16, 16], "texture": "#2"},
				"west": {"uv": [0, 12, 16, 16], "texture": "#2"},
				"up": {"uv": [0, 0, 16, 16], "texture": "#2"},
				"down": {"uv": [0, 0, 16, 16], "texture": "#2"}
			}
		},
		{
			"name": "pillarTop",
			"from": [3, 16, 3],
			"to": [13, 24, 13],
			"rotation": {"angle": 0, "axis": "y", "origin": [8, 24, 8]},
			"faces": {
				"north": {"uv": [0, 0, 10, 8], "texture": "#3"},
				"east": {"uv": [0, 0, 10, 8], "texture": "#3"},
				"south": {"uv": [0, 0, 10, 8], "texture": "#3"},
				"west": {"uv": [0, 0, 10, 8], "texture": "#3"}
			}
		},
		{
			"name": "topBottom",
			"from": [2, 24, 2],
			"to": [14, 26, 14],
			"rotation": {"angle": 0, "axis": "y", "origin": [8, 24, 8]},
			"faces": {
				"north": {"uv": [0, 12, 12, 14], "texture": "#3"},
				"east": {"uv": [0, 12, 12, 14], "texture": "#3"},
				"south": {"uv": [0, 12, 12, 14], "texture": "#3"},
				"west": {"uv": [0, 12, 12, 14], "texture": "#3"},
				"down": {"uv": [2, 2, 14, 14], "texture": "#5"}
			}
		},
		{
			"name": "topMiddle",
			"from": [1, 26, 1],
			"to": [15, 28, 15],
			"rotation": {"angle": 0, "axis": "y", "origin": [8, 24, 8]},
			"faces": {
				"north": {"uv": [0, 14, 14, 16], "texture": "#3"},
				"east": {"uv": [0, 14, 14, 16], "texture": "#3"},
				"south": {"uv": [0, 14, 14, 16], "texture": "#3"},
				"west": {"uv": [0, 14, 14, 16], "texture": "#3"},
				"up": {"uv": [1, 1, 15, 15], "texture": "#5"},
				"down": {"uv": [1, 1, 15, 15], "texture": "#5"}
			}
		},
		{
			"name": "topTop",
			"from": [3, 28, 3],
			"to": [13, 30, 13],
			"rotation": {"angle": 0, "axis": "y", "origin": [8, 24, 8]},
			"faces": {
				"north": {"uv": [0, 10, 10, 12], "texture": "#3"},
				"east": {"uv": [0, 10, 10, 12], "texture": "#3"},
				"south": {"uv": [0, 10, 10, 12], "texture": "#3"},
				"west": {"uv": [0, 10, 10, 12], "texture": "#3"},
				"up": {"uv": [3, 3, 13, 13], "texture": "#5"}
			}
		},
		{
			"name": "topToppest",
			"from": [4, 30, 4],
			"to": [12, 32, 12],
			"rotation": {"angle": 0, "axis": "y", "origin": [8, 24, 8]},
			"faces": {
				"north": {"uv": [0, 8, 8, 10], "texture": "#3"},
				"east": {"uv": [0, 8, 8, 10], "texture": "#3"},
				"south": {"uv": [0, 8, 8, 10], "texture": "#3"},
				"west": {"uv": [0, 8, 8, 10], "texture": "#3"},
				"up": {"uv": [4, 4, 12, 12], "texture": "#5"}
			}
		}
	],
	"display": {
		"thirdperson_righthand": {
			"rotation": [75, 45, 0],
			"translation": [0, 2.5, 0],
			"scale": [0.375, 0.375, 0.375]
		},
		"thirdperson_lefthand": {
			"rotation": [75, 45, 0],
			"translation": [0, 2.5, 0],
			"scale": [0.375, 0.375, 0.375]
		},
		"firstperson_righthand": {
			"rotation": [0, 45, 0],
			"scale": [0.4, 0.4, 0.4]
		},
		"firstperson_lefthand": {
			"rotation": [0, 225, 0],
			"scale": [0.4, 0.4, 0.4]
		},
		"ground": {
			"translation": [0, 3, 0],
			"scale": [0.25, 0.25, 0.25]
		},
		"gui": {
			"rotation": [30, 225, 0],
			"translation": [0, -2.5, 0],
			"scale": [0.42, 0.43, 0.42]
		},
		"fixed": {
			"scale": [0.5, 0.5, 0.5]
		}
	},
	"groups": [
		{
			"name": "bottom",
			"origin": [8, 8, 8],
			"children": [0, 1, 2, 3]
		},
		{
			"name": "top",
			"origin": [8, 8, 8],
			"children": [4, 5, 6, 7, 8]
		}
	]
}