{
  "variants": {
    "facing=east,half=bottom,shape=straight": {
      "model": "prefab:block/block_glass_stairs"
    },
    "facing=west,half=bottom,shape=straight": {
      "model": "prefab:block/block_glass_stairs",
      "y": 180,
      "uvlock": true
    },
    "facing=south,half=bottom,shape=straight": {
      "model": "prefab:block/block_glass_stairs",
      "y": 90,
      "uvlock": true
    },
    "facing=north,half=bottom,shape=straight": {
      "model": "prefab:block/block_glass_stairs",
      "y": 270,
      "uvlock": true
    },
    "facing=east,half=bottom,shape=outer_right": {
      "model": "prefab:block/block_glass_stairs_outerstairs"
    },
    "facing=west,half=bottom,shape=outer_right": {
      "model": "prefab:block/block_glass_stairs_outerstairs",
      "y": 180,
      "uvlock": true
    },
    "facing=south,half=bottom,shape=outer_right": {
      "model": "prefab:block/block_glass_stairs_outerstairs",
      "y": 90,
      "uvlock": true
    },
    "facing=north,half=bottom,shape=outer_right": {
      "model": "prefab:block/block_glass_stairs_outerstairs",
      "y": 270,
      "uvlock": true
    },
    "facing=east,half=bottom,shape=outer_left": {
      "model": "prefab:block/block_glass_stairs_outerstairs",
      "y": 270,
      "uvlock": true
    },
    "facing=west,half=bottom,shape=outer_left": {
      "model": "prefab:block/block_glass_stairs_outerstairs",
      "y": 90,
      "uvlock": true
    },
    "facing=south,half=bottom,shape=outer_left": {
      "model": "prefab:block/block_glass_stairs_outerstairs"
    },
    "facing=north,half=bottom,shape=outer_left": {
      "model": "prefab:block/block_glass_stairs_outerstairs",
      "y": 180,
      "uvlock": true
    },
    "facing=east,half=bottom,shape=inner_right": {
      "model": "prefab:block/block_glass_stairs_innerstairs"
    },
    "facing=west,half=bottom,shape=inner_right": {
      "model": "prefab:block/block_glass_stairs_innerstairs",
      "y": 180,
      "uvlock": true
    },
    "facing=south,half=bottom,shape=inner_right": {
      "model": "prefab:block/block_glass_stairs_innerstairs",
      "y": 90,
      "uvlock": true
    },
    "facing=north,half=bottom,shape=inner_right": {
      "model": "prefab:block/block_glass_stairs_innerstairs",
      "y": 270,
      "uvlock": true
    },
    "facing=east,half=bottom,shape=inner_left": {
      "model": "prefab:block/block_glass_stairs_innerstairs",
      "y": 270,
      "uvlock": true
    },
    "facing=west,half=bottom,shape=inner_left": {
      "model": "prefab:block/block_glass_stairs_innerstairs",
      "y": 90,
      "uvlock": true
    },
    "facing=south,half=bottom,shape=inner_left": {
      "model": "prefab:block/block_glass_stairs_innerstairs"
    },
    "facing=north,half=bottom,shape=inner_left": {
      "model": "prefab:block/block_glass_stairs_innerstairs",
      "y": 180,
      "uvlock": true
    },
    "facing=east,half=top,shape=straight": {
      "model": "prefab:block/block_glass_stairs",
      "x": 180,
      "uvlock": true
    },
    "facing=west,half=top,shape=straight": {
      "model": "prefab:block/block_glass_stairs",
      "x": 180,
      "y": 180,
      "uvlock": true
    },
    "facing=south,half=top,shape=straight": {
      "model": "prefab:block/block_glass_stairs",
      "x": 180,
      "y": 90,
      "uvlock": true
    },
    "facing=north,half=top,shape=straight": {
      "model": "prefab:block/block_glass_stairs",
      "x": 180,
      "y": 270,
      "uvlock": true
    },
    "facing=east,half=top,shape=outer_right": {
      "model": "prefab:block/block_glass_stairs_outerstairs",
      "x": 180,
      "y": 90,
      "uvlock": true
    },
    "facing=west,half=top,shape=outer_right": {
      "model": "prefab:block/block_glass_stairs_outerstairs",
      "x": 180,
      "y": 270,
      "uvlock": true
    },
    "facing=south,half=top,shape=outer_right": {
      "model": "prefab:block/block_glass_stairs_outerstairs",
      "x": 180,
      "y": 180,
      "uvlock": true
    },
    "facing=north,half=top,shape=outer_right": {
      "model": "prefab:block/block_glass_stairs_outerstairs",
      "x": 180,
      "uvlock": true
    },
    "facing=east,half=top,shape=outer_left": {
      "model": "prefab:block/block_glass_stairs_outerstairs",
      "x": 180,
      "uvlock": true
    },
    "facing=west,half=top,shape=outer_left": {
      "model": "prefab:block/block_glass_stairs_outerstairs",
      "x": 180,
      "y": 180,
      "uvlock": true
    },
    "facing=south,half=top,shape=outer_left": {
      "model": "prefab:block/block_glass_stairs_outerstairs",
      "x": 180,
      "y": 90,
      "uvlock": true
    },
    "facing=north,half=top,shape=outer_left": {
      "model": "prefab:block/block_glass_stairs_outerstairs",
      "x": 180,
      "y": 270,
      "uvlock": true
    },
    "facing=east,half=top,shape=inner_right": {
      "model": "prefab:block/block_glass_stairs_innerstairs",
      "x": 180,
      "y": 90,
      "uvlock": true
    },
    "facing=west,half=top,shape=inner_right": {
      "model": "prefab:block/block_glass_stairs_innerstairs",
      "x": 180,
      "y": 270,
      "uvlock": true
    },
    "facing=south,half=top,shape=inner_right": {
      "model": "prefab:block/block_glass_stairs_innerstairs",
      "x": 180,
      "y": 180,
      "uvlock": true
    },
    "facing=north,half=top,shape=inner_right": {
      "model": "prefab:block/block_glass_stairs_innerstairs",
      "x": 180,
      "uvlock": true
    },
    "facing=east,half=top,shape=inner_left": {
      "model": "prefab:block/block_glass_stairs_innerstairs",
      "x": 180,
      "uvlock": true
    },
    "facing=west,half=top,shape=inner_left": {
      "model": "prefab:block/block_glass_stairs_innerstairs",
      "x": 180,
      "y": 180,
      "uvlock": true
    },
    "facing=south,half=top,shape=inner_left": {
      "model": "prefab:block/block_glass_stairs_innerstairs",
      "x": 180,
      "y": 90,
      "uvlock": true
    },
    "facing=north,half=top,shape=inner_left": {
      "model": "prefab:block/block_glass_stairs_innerstairs",
      "x": 180,
      "y": 270,
      "uvlock": true
    }
  }
}
