{
	"parent":"block/cube_all",
	"textures":{
		"all":"block/end_stone",
		"dust":"terraqueous:block/endimium_dust",
		"dust_glow":"terraqueous:block/endimium_dust",
		"particle":"block/end_stone"
	},
	"elements":[
		{
			"from":[0,0,0],"to":[16,16,16],
			"faces":{
				"up":{"uv":[0,0,16,16],"texture":"#all","cullface":"up"},
				"down":{"uv":[0,0,16,16],"texture":"#all","cullface":"down"},
				"north":{"uv":[0,0,16,16],"texture":"#all","cullface":"north"},
				"south":{"uv":[0,0,16,16],"texture":"#all","cullface":"south"},
				"west":{"uv":[0,0,16,16],"texture":"#all","cullface":"west"},
				"east":{"uv":[0,0,16,16],"texture":"#all","cullface":"east"}
			}
		},
		{
			"from":[0,0,0],"to":[16,16,16],
			"faces":{
				"up":{"uv":[0,0,16,16],"texture":"#dust","cullface":"up"},
				"down":{"uv":[0,0,16,16],"texture":"#dust","cullface":"down"},
				"north":{"uv":[0,0,16,16],"texture":"#dust","cullface":"north"},
				"south":{"uv":[0,0,16,16],"texture":"#dust","cullface":"south"},
				"west":{"uv":[0,0,16,16],"texture":"#dust","cullface":"west"},
				"east":{"uv":[0,0,16,16],"texture":"#dust","cullface":"east"}
			}
		},
		{
			"from":[0,0,0],"to":[16,16,16],
			"faces":{
				"north":{"texture":"#dust_glow","cullface":"north", "tintindex": 1},
				"up":{"uv":[0,0,16,16],"texture":"#dust_glow","cullface":"up", "tintindex": 1},
				"down":{"uv":[0,0,16,16],"texture":"#dust_glow","cullface":"down", "tintindex": 1},
				"south":{"uv":[0,0,16,16],"texture":"#dust_glow","cullface":"south", "tintindex": 1},
				"west":{"uv":[0,0,16,16],"texture":"#dust_glow","cullface":"west", "tintindex": 1},
				"east":{"uv":[0,0,16,16],"texture":"#dust_glow","cullface":"east", "tintindex": 1}
			}
		}
	]
}