{
    "parent": "block/cube_bottom_top",
    "textures": {
        "bottom": "block/end_stone_bricks",
        "top": "endreborn:block/end_moss_top",
        "side": "endreborn:block/mossy_end_stone",
		"side_glow":"endreborn:block/mossy_end_stone_glow"
    },
	"elements":[
		{
			"from":[0,0,0],"to":[16,16,16],
			"faces":{
				"down":{"uv":[0,0,16,16],"texture":"#bottom","cullface":"down"},
				"up":{"uv":[0,0,16,16],"texture":"#top","cullface":"up"},
				"north":{"uv":[0,0,16,16],"texture":"#side","cullface":"north"},
				"south":{"uv":[0,0,16,16],"texture":"#side","cullface":"south"},
				"west":{"uv":[0,0,16,16],"texture":"#side","cullface":"west"},
				"east":{"uv":[0,0,16,16],"texture":"#side","cullface":"east"}
			}
		},
		{
			"from":[0,0,0],"to":[16,16,16],
			"faces":{
				"up":{"uv":[0,0,16,16],"texture":"#top","cullface":"up"},
				"north":{"uv":[0,0,16,16],"texture":"#side_glow","cullface":"north"},
				"south":{"uv":[0,0,16,16],"texture":"#side_glow","cullface":"south"},
				"west":{"uv":[0,0,16,16],"texture":"#side_glow","cullface":"west"},
				"east":{"uv":[0,0,16,16],"texture":"#side_glow","cullface":"east"}
			}
		}
	]
}
